Date,Temperature,Humidity,WindSpeed,Rainfall
2016-01-01,21.25,69.47,13.3,0.0
2016-01-02,18.59,70.37,4.74,0.0
2016-01-03,22.2,66.73,9.08,0.0
2016-01-04,22.61,63.02,10.88,2.7
2016-01-05,16.85,79.07,8.58,0.0
2016-01-06,18.18,61.41,18.52,4.89
2016-01-07,21.08,65.28,12.08,0.0
2016-01-08,20.22,65.82,12.71,0.0
2016-01-09,20.86,67.79,10.07,0.0
2016-01-10,19.23,63.7,11.94,0.0
2016-01-11,22.73,66.24,7.14,0.0
2016-01-12,22.57,63.42,11.32,12.53
2016-01-13,21.19,55.7,8.25,0.0
2016-01-14,23.36,64.06,10.89,11.26
2016-01-15,22.09,58.1,1.76,0.0
2016-01-16,19.49,55.73,7.49,0.0
2016-01-17,21.99,65.57,17.86,0.0
2016-01-18,19.39,69.11,15.32,0.0
2016-01-19,23.12,67.29,17.28,0.0
2016-01-20,21.32,68.53,17.55,0.0
2016-01-21,21.11,53.64,14.69,30.69
2016-01-22,20.18,57.59,10.19,0.0
2016-01-23,24.04,75.47,7.85,5.62
2016-01-24,21.35,58.82,16.59,0.0
2016-01-25,20.87,69.04,12.26,0.0
2016-01-26,21.09,61.13,21.98,0.0
2016-01-27,22.93,64.72,10.54,0.0
2016-01-28,22.66,60.59,19.89,0.0
2016-01-29,22.83,67.66,11.37,0.0
2016-01-30,22.94,65.06,17.34,0.0
2016-01-31,26.43,59.62,18.79,0.0
2016-02-01,21.41,58.77,7.91,0.0
2016-02-02,21.27,66.76,10.06,0.0
2016-02-03,20.75,58.16,7.87,0.0
2016-02-04,23.69,66.39,7.08,0.0
2016-02-05,24.79,78.97,14.67,0.0
2016-02-06,22.39,72.64,11.21,4.7
2016-02-07,21.02,69.6,12.21,0.0
2016-02-08,21.14,64.71,14.22,0.0
2016-02-09,24.17,51.92,4.57,0.0
2016-02-10,24.45,55.47,17.15,0.0
2016-02-11,24.13,71.27,10.6,0.0
2016-02-12,21.81,60.12,14.13,0.0
2016-02-13,23.69,59.62,14.48,0.0
2016-02-14,23.55,62.9,17.48,0.0
2016-02-15,23.85,57.36,11.58,12.98
2016-02-16,25.25,55.6,3.51,8.92
2016-02-17,24.05,63.32,12.23,0.0
2016-02-18,25.05,57.72,12.8,0.0
2016-02-19,23.93,59.24,7.86,2.51
2016-02-20,24.47,58.71,12.59,0.0
2016-02-21,25.25,66.1,10.56,0.0
2016-02-22,21.17,63.81,6.63,0.0
2016-02-23,23.55,62.83,14.69,0.0
2016-02-24,23.35,67.59,9.75,0.0
2016-02-25,23.11,63.28,10.37,12.56
2016-02-26,23.94,62.01,10.15,0.0
2016-02-27,27.59,64.5,16.94,29.32
2016-02-28,22.97,68.23,11.84,1.31
2016-02-29,26.74,61.26,12.32,0.0
2016-03-01,21.55,65.48,10.24,0.0
2016-03-02,24.35,58.77,13.85,9.3
2016-03-03,25.45,57.69,17.4,0.0
2016-03-04,26.41,66.94,14.59,0.0
2016-03-05,26.76,64.8,14.75,19.83
2016-03-06,27.04,64.71,14.42,0.0
2016-03-07,24.86,64.86,6.48,0.0
2016-03-08,24.74,63.52,8.5,0.0
2016-03-09,27.49,65.91,11.18,0.0
2016-03-10,25.5,68.43,9.1,0.0
2016-03-11,23.45,69.42,7.74,0.0
2016-03-12,23.84,63.13,4.51,0.0
2016-03-13,24.38,71.76,6.61,0.0
2016-03-14,27.32,63.19,10.97,5.87
2016-03-15,26.73,65.94,11.72,0.0
2016-03-16,27.93,63.18,8.83,0.0
2016-03-17,25.81,64.14,12.32,0.0
2016-03-18,27.09,57.53,10.26,0.0
2016-03-19,28.14,65.58,16.36,0.0
2016-03-20,26.38,79.41,11.35,0.0
2016-03-21,28.03,59.19,14.79,0.0
2016-03-22,25.9,63.03,12.81,0.0
2016-03-23,26.61,59.54,6.39,0.0
2016-03-24,26.68,59.25,11.64,0.0
2016-03-25,25.17,72.28,7.06,0.0
2016-03-26,28.64,57.06,11.57,0.0
2016-03-27,26.84,59.24,9.02,0.0
2016-03-28,27.92,51.97,13.53,0.0
2016-03-29,28.96,56.37,6.63,0.0
2016-03-30,29.01,50.65,12.06,19.67
2016-03-31,29.55,64.39,14.29,0.0
2016-04-01,28.14,78.17,15.63,0.0
2016-04-02,27.59,59.47,8.94,0.0
2016-04-03,28.39,51.23,12.07,0.0
2016-04-04,25.28,68.34,12.74,13.22
2016-04-05,25.87,58.26,18.19,11.19
2016-04-06,26.23,70.22,6.07,0.0
2016-04-07,26.99,60.32,8.36,0.0
2016-04-08,29.89,56.62,23.22,8.67
2016-04-09,27.38,60.72,10.91,0.0
2016-04-10,28.54,65.7,4.44,0.0
2016-04-11,32.0,57.89,9.67,0.0
2016-04-12,28.79,58.03,1.0,0.0
2016-04-13,31.08,58.56,12.96,0.0
2016-04-14,27.84,53.91,15.24,0.0
2016-04-15,29.4,63.06,8.35,11.26
2016-04-16,28.01,50.72,10.12,0.0
2016-04-17,29.33,58.05,15.69,0.0
2016-04-18,31.79,63.92,5.0,5.09
2016-04-19,26.75,63.95,6.71,0.0
2016-04-20,31.17,63.25,11.09,0.0
2016-04-21,30.88,59.48,8.99,0.0
2016-04-22,29.31,67.75,10.82,0.0
2016-04-23,27.7,67.17,6.94,0.0
2016-04-24,30.83,62.57,12.86,0.0
2016-04-25,29.71,66.07,11.4,0.49
2016-04-26,31.33,64.12,14.2,2.53
2016-04-27,31.0,57.17,12.8,0.0
2016-04-28,34.24,49.95,12.83,0.0
2016-04-29,30.65,62.52,6.21,0.0
2016-04-30,29.17,64.08,13.97,0.0
2016-05-01,31.66,65.98,10.68,0.0
2016-05-02,31.82,53.73,11.33,0.0
2016-05-03,34.18,52.61,16.19,0.0
2016-05-04,33.21,61.34,9.12,0.0
2016-05-05,32.34,58.64,17.4,0.0
2016-05-06,34.63,46.49,17.78,0.0
2016-05-07,29.4,62.93,15.01,0.0
2016-05-08,30.57,48.92,8.08,4.56
2016-05-09,30.07,54.64,3.25,0.0
2016-05-10,31.22,67.79,16.32,0.0
2016-05-11,29.32,71.68,12.45,2.58
2016-05-12,33.41,51.18,9.02,0.0
2016-05-13,31.76,57.4,16.69,16.21
2016-05-14,29.33,60.97,8.55,14.8
2016-05-15,30.31,70.87,10.3,0.0
2016-05-16,33.03,55.73,14.1,3.03
2016-05-17,34.14,55.21,7.55,0.0
2016-05-18,36.51,66.06,11.56,0.0
2016-05-19,38.41,53.48,16.36,0.0
2016-05-20,33.46,62.78,12.84,21.81
2016-05-21,30.71,51.1,16.99,0.0
2016-05-22,28.48,60.16,16.53,0.0
2016-05-23,33.33,48.56,12.03,0.0
2016-05-24,31.22,53.35,2.65,0.0
2016-05-25,32.06,64.25,7.58,0.0
2016-05-26,31.72,59.11,15.05,0.0
2016-05-27,32.7,56.95,5.8,10.67
2016-05-28,35.16,53.02,10.69,0.0
2016-05-29,33.38,57.17,13.35,0.0
2016-05-30,32.79,60.62,17.88,0.0
2016-05-31,31.07,65.66,9.7,4.09
2016-06-01,29.83,44.69,9.43,0.0
2016-06-02,32.24,54.13,11.79,4.55
2016-06-03,33.14,59.58,13.4,0.0
2016-06-04,36.81,56.01,11.38,4.42
2016-06-05,33.56,60.81,16.2,1.9
2016-06-06,35.3,59.04,8.8,0.0
2016-06-07,32.36,57.22,12.48,0.0
2016-06-08,31.01,56.63,13.78,0.0
2016-06-09,31.47,58.07,10.4,0.0
2016-06-10,31.97,66.16,15.36,0.0
2016-06-11,37.69,51.73,12.6,0.0
2016-06-12,31.81,58.98,15.16,0.0
2016-06-13,35.14,58.62,12.78,0.0
2016-06-14,31.67,68.8,13.51,0.0
2016-06-15,35.35,55.61,9.47,0.0
2016-06-16,34.26,63.76,9.48,31.83
2016-06-17,33.18,65.99,16.9,0.0
2016-06-18,33.42,58.09,14.54,5.83
2016-06-19,32.19,57.88,7.91,0.0
2016-06-20,34.39,55.96,12.72,0.0
2016-06-21,32.59,57.39,2.5,0.0
2016-06-22,31.04,64.9,9.7,0.0
2016-06-23,30.93,61.22,15.84,0.0
2016-06-24,33.82,59.66,11.5,0.0
2016-06-25,36.63,49.95,12.47,0.0
2016-06-26,33.78,52.47,1.0,0.0
2016-06-27,33.21,71.45,10.43,0.0
2016-06-28,34.0,57.08,13.35,13.58
2016-06-29,36.02,52.39,13.86,0.0
2016-06-30,33.83,66.83,15.85,0.0
2016-07-01,32.55,60.64,11.16,0.0
2016-07-02,35.56,60.76,11.34,3.63
2016-07-03,34.18,57.22,6.67,12.7
2016-07-04,36.37,54.94,11.18,0.0
2016-07-05,33.63,57.34,6.95,0.0
2016-07-06,30.79,51.62,4.61,0.0
2016-07-07,30.47,59.57,7.66,0.0
2016-07-08,36.47,58.57,18.03,0.0
2016-07-09,36.58,67.83,10.92,36.17
2016-07-10,32.73,59.36,12.88,4.89
2016-07-11,32.29,45.09,9.95,1.55
2016-07-12,35.93,56.52,4.84,0.0
2016-07-13,30.75,76.37,15.74,0.0
2016-07-14,31.13,64.92,3.31,0.0
2016-07-15,34.16,53.2,9.78,0.0
2016-07-16,32.04,62.78,11.78,0.0
2016-07-17,32.77,54.38,12.92,0.0
2016-07-18,32.4,50.91,9.09,0.0
2016-07-19,33.35,56.42,4.65,0.0
2016-07-20,35.43,57.91,8.8,0.0
2016-07-21,32.74,47.61,9.0,4.89
2016-07-22,33.79,51.37,8.91,0.0
2016-07-23,28.34,61.33,15.88,23.2
2016-07-24,32.28,56.65,7.15,9.71
2016-07-25,30.63,62.37,13.2,0.0
2016-07-26,29.81,53.17,12.63,0.0
2016-07-27,30.42,64.4,15.84,24.29
2016-07-28,31.44,52.45,11.47,3.42
2016-07-29,33.87,68.08,15.16,0.0
2016-07-30,29.32,50.43,11.31,6.05
2016-07-31,31.96,52.72,13.74,3.16
2016-08-01,30.86,62.38,5.99,0.0
2016-08-02,31.09,69.73,1.45,0.0
2016-08-03,33.68,60.22,13.51,0.0
2016-08-04,32.67,62.26,13.72,0.0
2016-08-05,34.19,58.15,13.9,0.0
2016-08-06,31.12,53.57,9.9,4.28
2016-08-07,29.96,57.43,17.96,0.0
2016-08-08,30.82,52.63,10.16,0.0
2016-08-09,31.67,51.76,13.68,0.0
2016-08-10,31.45,61.96,14.38,0.0
2016-08-11,28.84,54.25,18.87,4.37
2016-08-12,31.1,61.66,10.73,6.93
2016-08-13,31.29,51.83,9.39,0.0
2016-08-14,35.77,58.95,6.01,1.91
2016-08-15,34.4,55.0,18.21,0.0
2016-08-16,28.85,69.42,13.69,5.14
2016-08-17,29.88,62.36,13.81,0.0
2016-08-18,27.44,69.17,24.47,0.0
2016-08-19,29.09,56.32,13.3,0.0
2016-08-20,30.8,60.25,6.79,0.0
2016-08-21,32.48,53.1,11.22,0.0
2016-08-22,28.52,58.68,8.1,9.78
2016-08-23,28.57,59.57,10.42,0.0
2016-08-24,25.48,58.48,10.39,4.19
2016-08-25,29.35,53.42,9.65,25.08
2016-08-26,27.44,53.27,6.43,6.67
2016-08-27,28.41,47.19,18.37,0.0
2016-08-28,27.61,55.33,13.2,13.15
2016-08-29,29.07,64.63,11.1,0.0
2016-08-30,25.64,53.16,15.03,0.0
2016-08-31,26.11,54.28,13.88,0.0
2016-09-01,33.2,69.34,13.1,0.0
2016-09-02,26.26,58.59,14.74,0.0
2016-09-03,26.53,64.18,12.54,0.0
2016-09-04,32.29,62.94,14.68,0.0
2016-09-05,34.32,61.95,15.01,0.0
2016-09-06,26.06,53.38,12.65,0.0
2016-09-07,27.55,60.31,11.12,0.0
2016-09-08,28.86,51.27,18.12,0.0
2016-09-09,31.53,74.19,10.09,0.0
2016-09-10,25.99,52.99,13.57,10.85
2016-09-11,27.36,55.52,13.66,8.68
2016-09-12,29.29,54.49,9.56,6.71
2016-09-13,28.5,52.2,8.77,6.1
2016-09-14,26.76,70.25,10.58,6.94
2016-09-15,27.14,76.46,10.03,0.0
2016-09-16,24.54,60.5,6.17,0.0
2016-09-17,26.71,54.24,9.39,0.0
2016-09-18,26.54,48.83,13.06,0.0
2016-09-19,27.42,60.3,17.06,0.0
2016-09-20,25.74,60.8,14.22,41.65
2016-09-21,27.68,57.72,1.6,0.0
2016-09-22,28.65,62.42,14.57,0.0
2016-09-23,26.82,64.47,9.77,0.0
2016-09-24,27.1,63.88,13.81,0.0
2016-09-25,26.39,60.44,11.94,0.0
2016-09-26,26.18,55.84,11.23,6.57
2016-09-27,24.62,67.3,11.59,0.0
2016-09-28,26.59,62.3,11.91,8.58
2016-09-29,25.65,68.07,17.38,12.15
2016-09-30,29.92,65.13,11.92,12.25
2016-10-01,28.77,52.49,16.34,7.95
2016-10-02,26.29,53.79,15.76,0.0
2016-10-03,23.88,59.18,14.67,0.0
2016-10-04,23.08,57.82,4.85,16.77
2016-10-05,27.58,66.22,16.47,0.0
2016-10-06,25.61,64.87,10.17,0.0
2016-10-07,25.94,69.18,14.86,0.0
2016-10-08,21.38,67.47,8.11,0.0
2016-10-09,26.62,63.46,7.26,0.0
2016-10-10,25.57,69.98,19.91,0.0
2016-10-11,22.34,67.38,8.17,0.0
2016-10-12,23.51,64.33,16.58,0.0
2016-10-13,24.88,72.05,12.47,0.0
2016-10-14,24.36,64.14,10.32,0.0
2016-10-15,23.57,62.06,11.82,11.66
2016-10-16,23.84,58.71,6.8,0.0
2016-10-17,23.45,68.17,11.94,0.0
2016-10-18,24.16,70.99,7.67,0.0
2016-10-19,26.7,61.86,10.42,0.0
2016-10-20,18.53,74.51,15.7,0.0
2016-10-21,23.09,52.33,13.02,4.96
2016-10-22,23.82,63.41,6.07,0.0
2016-10-23,23.97,63.43,15.41,0.0
2016-10-24,22.54,60.09,11.97,0.0
2016-10-25,19.68,80.33,9.83,0.0
2016-10-26,23.76,63.39,14.99,12.45
2016-10-27,26.47,59.85,11.33,0.0
2016-10-28,19.86,66.08,7.34,0.0
2016-10-29,24.57,51.32,19.39,12.64
2016-10-30,22.1,60.14,11.93,0.0
2016-10-31,22.55,70.35,11.67,10.26
2016-11-01,20.48,61.81,10.38,0.0
2016-11-02,21.84,59.87,16.72,0.0
2016-11-03,25.03,70.94,9.9,2.09
2016-11-04,23.51,71.96,5.82,0.0
2016-11-05,25.73,65.8,9.29,0.0
2016-11-06,24.55,60.62,17.31,0.0
2016-11-07,23.0,62.76,15.33,0.0
2016-11-08,25.53,57.98,10.98,21.33
2016-11-09,22.85,58.31,17.49,3.66
2016-11-10,23.56,57.63,14.99,0.0
2016-11-11,21.24,61.46,10.93,13.76
2016-11-12,21.9,58.6,11.34,0.0
2016-11-13,20.31,56.3,13.32,0.0
2016-11-14,23.62,65.18,8.67,12.75
2016-11-15,19.22,67.69,12.02,0.0
2016-11-16,23.08,74.36,13.23,0.0
2016-11-17,21.08,61.25,5.25,0.0
2016-11-18,23.74,65.57,11.24,8.99
2016-11-19,22.84,66.16,10.79,0.0
2016-11-20,24.93,61.62,16.11,0.0
2016-11-21,22.7,68.83,4.62,0.0
2016-11-22,18.04,71.58,10.47,0.0
2016-11-23,21.0,67.26,10.07,0.0
2016-11-24,18.74,65.01,15.84,0.0
2016-11-25,20.01,63.7,11.83,0.0
2016-11-26,24.02,55.43,19.18,0.0
2016-11-27,22.23,59.79,14.65,13.64
2016-11-28,19.52,62.38,10.36,0.0
2016-11-29,18.85,59.74,12.96,0.0
2016-11-30,20.91,67.99,10.58,14.7
2016-12-01,18.37,73.92,15.44,0.0
2016-12-02,19.43,60.71,6.67,0.0
2016-12-03,21.37,66.8,8.71,0.0
2016-12-04,23.02,57.98,13.82,0.0
2016-12-05,21.9,62.97,16.9,0.0
2016-12-06,16.08,63.87,3.19,0.0
2016-12-07,21.25,68.78,17.5,0.0
2016-12-08,20.76,61.36,11.44,0.0
2016-12-09,21.42,71.14,4.46,0.0
2016-12-10,23.81,62.28,1.0,0.0
2016-12-11,16.43,63.91,5.88,0.78
2016-12-12,19.36,58.68,11.92,0.0
2016-12-13,21.72,66.43,11.74,0.0
2016-12-14,17.36,72.67,14.53,0.0
2016-12-15,23.47,65.58,9.8,0.0
2016-12-16,21.25,78.6,7.57,0.0
2016-12-17,22.2,73.22,10.35,0.0
2016-12-18,19.36,64.36,12.13,0.0
2016-12-19,22.13,62.77,12.92,0.0
2016-12-20,22.64,67.22,8.84,0.0
2016-12-21,20.97,60.29,15.61,0.0
2016-12-22,20.98,72.31,9.51,3.25
2016-12-23,21.06,67.44,8.52,0.0
2016-12-24,18.8,68.05,9.83,0.0
2016-12-25,20.24,69.84,16.3,0.0
2016-12-26,20.24,76.05,11.47,0.0
2016-12-27,21.33,66.14,9.22,0.0
2016-12-28,22.58,63.75,15.7,0.0
2016-12-29,18.48,75.74,20.57,0.0
2016-12-30,20.37,71.45,12.84,0.0
2016-12-31,23.6,61.94,16.94,0.0
2017-01-01,19.24,66.3,16.14,0.0
2017-01-02,19.11,67.51,9.58,0.0
2017-01-03,21.18,67.37,12.11,0.0
2017-01-04,22.49,56.34,6.87,8.79
2017-01-05,20.86,56.12,11.18,0.0
2017-01-06,23.52,58.59,9.5,0.0
2017-01-07,22.61,58.62,10.39,0.0
2017-01-08,22.62,60.55,9.0,0.0
2017-01-09,22.08,68.51,10.85,0.0
2017-01-10,25.67,61.72,14.13,0.0
2017-01-11,20.64,66.67,11.52,0.0
2017-01-12,17.09,60.11,4.54,0.0
2017-01-13,24.35,60.69,9.02,0.0
2017-01-14,20.27,69.22,5.92,0.0
2017-01-15,21.45,68.62,12.98,25.67
2017-01-16,23.9,59.36,14.01,0.0
2017-01-17,18.13,67.85,13.03,11.63
2017-01-18,18.89,79.66,8.85,0.0
2017-01-19,18.24,66.71,12.99,0.0
2017-01-20,19.91,61.74,10.12,0.0
2017-01-21,22.44,63.47,7.45,17.17
2017-01-22,22.67,64.94,14.97,0.0
2017-01-23,22.23,63.72,15.27,0.0
2017-01-24,18.92,66.26,15.8,6.68
2017-01-25,17.19,58.74,9.57,4.6
2017-01-26,21.98,58.98,16.72,2.91
2017-01-27,21.0,64.41,10.03,0.0
2017-01-28,22.93,63.25,14.61,0.0
2017-01-29,23.49,60.54,9.96,0.0
2017-01-30,22.43,63.45,11.1,0.0
2017-01-31,23.75,64.15,2.32,2.92
2017-02-01,22.76,69.67,10.79,0.0
2017-02-02,23.44,63.36,12.36,19.79
2017-02-03,21.05,67.67,10.36,0.0
2017-02-04,22.18,61.4,19.02,0.0
2017-02-05,23.01,67.63,7.35,0.0
2017-02-06,24.34,65.72,9.75,0.0
2017-02-07,21.99,69.95,8.38,0.0
2017-02-08,23.91,67.98,9.74,0.0
2017-02-09,22.42,68.05,16.13,0.0
2017-02-10,22.8,63.72,17.91,0.0
2017-02-11,24.79,64.69,9.2,0.0
2017-02-12,19.23,72.65,9.11,0.0
2017-02-13,20.71,61.54,7.37,0.0
2017-02-14,20.43,61.84,17.23,0.0
2017-02-15,18.82,67.59,16.48,0.0
2017-02-16,22.23,67.12,11.58,0.0
2017-02-17,25.18,58.06,6.42,0.0
2017-02-18,23.21,63.64,6.77,3.13
2017-02-19,24.27,62.94,12.68,0.0
2017-02-20,26.15,49.18,14.2,0.0
2017-02-21,26.72,60.83,3.74,0.0
2017-02-22,24.03,62.69,10.71,0.0
2017-02-23,26.98,61.05,18.47,0.0
2017-02-24,24.55,71.84,11.13,0.0
2017-02-25,22.8,57.02,17.96,0.0
2017-02-26,23.39,59.04,14.6,6.55
2017-02-27,21.72,49.23,7.66,0.0
2017-02-28,23.01,61.31,10.83,0.0
2017-03-01,24.17,61.18,11.49,0.0
2017-03-02,26.6,59.16,8.19,0.0
2017-03-03,28.54,67.8,8.12,0.0
2017-03-04,22.44,69.67,18.03,0.0
2017-03-05,26.1,62.96,8.09,0.0
2017-03-06,23.34,61.79,16.31,0.0
2017-03-07,26.48,68.44,10.25,0.0
2017-03-08,25.38,62.77,11.9,0.0
2017-03-09,22.09,59.79,14.25,0.0
2017-03-10,27.71,51.31,9.61,0.0
2017-03-11,24.76,60.59,14.27,0.0
2017-03-12,25.01,67.62,3.81,0.0
2017-03-13,24.05,77.28,13.76,0.0
2017-03-14,24.99,63.47,2.13,0.0
2017-03-15,27.27,57.26,11.09,4.53
2017-03-16,26.14,55.36,15.42,0.0
2017-03-17,27.29,65.15,14.49,0.0
2017-03-18,27.47,51.15,6.81,0.0
2017-03-19,29.5,63.93,7.32,0.0
2017-03-20,26.28,67.3,9.25,0.0
2017-03-21,24.13,66.2,12.74,0.0
2017-03-22,29.33,59.4,3.87,0.0
2017-03-23,26.64,65.59,11.95,0.0
2017-03-24,29.64,61.57,13.25,0.0
2017-03-25,28.29,56.62,10.87,0.0
2017-03-26,27.38,72.9,14.1,0.0
2017-03-27,28.45,59.09,12.89,0.0
2017-03-28,31.76,64.03,9.83,0.0
2017-03-29,32.13,44.67,4.26,0.0
2017-03-30,28.22,68.99,12.53,0.0
2017-03-31,28.51,69.98,8.19,21.29
2017-04-01,30.46,60.28,9.69,0.0
2017-04-02,26.72,65.51,13.92,0.0
2017-04-03,29.19,64.15,17.67,0.0
2017-04-04,28.58,57.28,11.85,0.0
2017-04-05,29.37,63.98,14.22,0.0
2017-04-06,27.18,57.05,6.22,0.0
2017-04-07,25.77,59.02,12.98,0.0
2017-04-08,24.91,69.91,11.76,0.0
2017-04-09,26.93,67.89,16.92,0.0
2017-04-10,28.36,57.02,9.84,0.0
2017-04-11,28.79,56.61,11.03,0.0
2017-04-12,33.36,54.63,16.24,0.0
2017-04-13,31.8,63.76,11.63,0.0
2017-04-14,27.76,55.58,7.56,0.0
2017-04-15,30.49,62.22,22.21,0.0
2017-04-16,29.08,65.34,7.69,0.0
2017-04-17,29.42,60.14,11.74,0.0
2017-04-18,30.46,66.16,13.39,0.0
2017-04-19,31.43,57.74,13.07,0.0
2017-04-20,29.61,59.28,11.24,0.0
2017-04-21,32.51,53.1,11.26,0.0
2017-04-22,28.2,67.45,11.06,0.0
2017-04-23,30.59,55.43,7.54,0.0
2017-04-24,35.86,59.22,20.6,0.0
2017-04-25,31.21,59.26,11.12,0.0
2017-04-26,33.72,51.99,14.39,0.0
2017-04-27,31.13,56.08,10.66,0.0
2017-04-28,32.19,67.44,10.58,0.0
2017-04-29,31.01,61.01,10.18,0.0
2017-04-30,30.87,53.82,5.8,0.66
2017-05-01,29.73,62.33,11.36,0.0
2017-05-02,32.24,58.24,10.37,0.0
2017-05-03,29.76,81.21,16.69,2.45
2017-05-04,32.87,60.48,7.21,0.0
2017-05-05,33.79,55.98,9.69,0.0
2017-05-06,32.44,67.53,8.41,0.0
2017-05-07,31.21,48.64,17.77,15.17
2017-05-08,32.77,59.39,8.52,14.61
2017-05-09,31.32,71.59,14.25,0.0
2017-05-10,33.88,57.52,15.88,0.0
2017-05-11,28.42,50.82,11.42,0.0
2017-05-12,31.48,57.16,6.49,0.0
2017-05-13,28.24,70.05,6.54,0.0
2017-05-14,29.3,62.99,15.44,0.0
2017-05-15,35.08,52.52,6.96,0.0
2017-05-16,34.21,53.92,13.57,4.11
2017-05-17,31.04,56.42,12.46,0.0
2017-05-18,29.54,62.77,13.51,0.0
2017-05-19,26.67,70.21,13.89,0.0
2017-05-20,31.57,65.8,8.27,8.26
2017-05-21,37.56,58.93,8.1,6.28
2017-05-22,33.64,50.36,14.86,0.0
2017-05-23,31.71,51.44,9.48,0.0
2017-05-24,33.81,61.46,1.0,0.0
2017-05-25,29.8,52.39,14.6,0.0
2017-05-26,32.38,57.69,7.85,0.0
2017-05-27,33.22,60.4,13.87,0.0
2017-05-28,32.89,51.93,17.57,0.0
2017-05-29,34.69,51.63,12.07,3.07
2017-05-30,33.84,57.67,15.98,0.0
2017-05-31,34.52,60.88,12.62,0.0
2017-06-01,31.85,65.7,18.35,0.0
2017-06-02,35.06,61.21,7.75,0.0
2017-06-03,36.55,57.19,11.97,0.0
2017-06-04,31.39,55.11,14.69,0.0
2017-06-05,31.58,53.06,11.24,0.0
2017-06-06,36.06,53.95,16.61,0.0
2017-06-07,33.03,61.14,10.27,0.0
2017-06-08,36.24,58.94,20.28,0.0
2017-06-09,32.57,46.34,20.49,0.0
2017-06-10,36.39,52.12,13.13,0.0
2017-06-11,33.76,65.51,14.21,0.0
2017-06-12,34.03,58.61,16.77,4.96
2017-06-13,36.66,48.19,7.25,0.0
2017-06-14,32.82,72.93,6.75,0.0
2017-06-15,31.67,59.26,17.03,0.0
2017-06-16,32.66,61.19,13.1,19.81
2017-06-17,34.47,60.29,11.09,0.0
2017-06-18,30.44,57.9,12.04,0.0
2017-06-19,34.85,53.32,2.46,0.0
2017-06-20,32.5,71.7,11.24,0.0
2017-06-21,35.88,63.14,8.99,0.0
2017-06-22,28.79,65.95,15.67,0.0
2017-06-23,32.0,62.71,15.98,0.0
2017-06-24,30.19,54.22,14.31,0.0
2017-06-25,31.91,66.97,13.58,0.0
2017-06-26,34.04,53.07,6.01,0.0
2017-06-27,33.18,60.3,14.36,17.65
2017-06-28,33.02,48.85,14.52,3.88
2017-06-29,33.19,46.35,16.98,0.0
2017-06-30,33.9,60.12,20.47,18.37
2017-07-01,31.45,54.7,5.23,0.0
2017-07-02,34.86,45.74,10.45,0.0
2017-07-03,34.75,60.98,9.03,29.03
2017-07-04,34.17,70.78,12.69,0.0
2017-07-05,34.49,66.22,12.05,0.0
2017-07-06,33.94,56.64,11.06,0.0
2017-07-07,37.38,56.34,16.11,0.0
2017-07-08,33.11,63.97,7.59,0.0
2017-07-09,32.63,65.63,7.84,8.88
2017-07-10,31.7,57.35,7.9,7.66
2017-07-11,31.11,59.95,10.56,14.0
2017-07-12,30.64,61.8,7.09,0.0
2017-07-13,31.31,62.95,11.81,0.0
2017-07-14,32.91,57.95,11.34,0.0
2017-07-15,33.67,57.61,8.85,7.44
2017-07-16,33.06,66.95,15.5,0.0
2017-07-17,31.38,66.85,11.76,0.0
2017-07-18,34.66,60.65,16.25,0.0
2017-07-19,34.28,68.31,11.22,0.0
2017-07-20,32.43,56.69,11.9,5.96
2017-07-21,31.39,69.32,9.75,0.0
2017-07-22,33.73,61.55,11.97,0.0
2017-07-23,32.96,78.35,14.85,0.0
2017-07-24,29.62,53.4,10.35,5.7
2017-07-25,32.32,54.94,14.07,0.0
2017-07-26,32.92,61.26,8.75,0.0
2017-07-27,30.53,62.44,15.04,0.0
2017-07-28,32.64,70.6,9.68,9.11
2017-07-29,29.28,56.73,15.41,0.0
2017-07-30,34.8,63.14,12.24,0.0
2017-07-31,34.55,64.82,18.08,0.0
2017-08-01,31.47,63.77,7.38,0.0
2017-08-02,32.63,53.14,6.1,2.77
2017-08-03,27.01,70.44,9.54,0.0
2017-08-04,29.44,68.03,6.46,0.0
2017-08-05,31.09,63.35,6.47,0.0
2017-08-06,29.45,61.88,14.49,0.0
2017-08-07,32.94,60.09,11.98,0.0
2017-08-08,35.42,56.89,10.08,0.0
2017-08-09,28.99,64.75,10.45,0.0
2017-08-10,29.59,60.76,9.61,0.0
2017-08-11,31.65,54.35,18.6,0.0
2017-08-12,34.31,51.69,9.06,8.11
2017-08-13,28.55,56.63,6.71,0.0
2017-08-14,31.41,60.91,15.18,0.0
2017-08-15,34.46,57.73,11.14,0.0
2017-08-16,27.42,63.06,20.16,0.0
2017-08-17,28.07,64.42,9.9,0.0
2017-08-18,29.69,56.76,15.38,0.0
2017-08-19,29.4,69.47,16.33,0.0
2017-08-20,31.97,57.66,9.91,0.0
2017-08-21,30.73,57.35,9.03,24.93
2017-08-22,26.6,65.11,14.97,7.64
2017-08-23,31.08,48.73,14.3,0.0
2017-08-24,28.8,56.27,6.36,0.0
2017-08-25,32.4,64.92,7.49,0.0
2017-08-26,28.5,50.75,1.85,0.0
2017-08-27,28.38,67.95,14.38,0.0
2017-08-28,30.63,69.07,10.95,0.0
2017-08-29,30.97,57.6,11.35,0.0
2017-08-30,30.23,61.97,5.23,0.0
2017-08-31,25.86,69.34,7.61,14.03
2017-09-01,30.2,57.44,10.09,5.01
2017-09-02,26.95,67.23,9.31,3.73
2017-09-03,29.38,56.66,12.47,4.43
2017-09-04,25.96,59.71,14.33,12.06
2017-09-05,29.59,55.78,21.08,0.0
2017-09-06,26.98,64.07,11.92,0.0
2017-09-07,25.92,69.54,16.46,11.14
2017-09-08,29.8,59.36,8.68,0.0
2017-09-09,28.74,53.41,5.3,0.0
2017-09-10,26.92,55.55,10.59,0.0
2017-09-11,30.94,62.2,5.61,0.0
2017-09-12,27.05,73.04,12.06,17.95
2017-09-13,27.88,63.88,8.88,0.0
2017-09-14,28.25,58.99,4.18,0.0
2017-09-15,26.36,66.95,18.94,0.0
2017-09-16,28.43,59.78,9.85,0.0
2017-09-17,26.31,60.11,5.45,0.0
2017-09-18,26.44,56.56,15.59,0.0
2017-09-19,29.88,68.87,9.09,0.0
2017-09-20,24.96,47.89,16.36,0.0
2017-09-21,22.1,69.48,9.07,3.29
2017-09-22,30.04,57.55,9.84,4.12
2017-09-23,31.8,56.9,13.38,19.41
2017-09-24,25.78,72.82,14.37,15.47
2017-09-25,22.61,60.13,15.07,0.0
2017-09-26,25.75,58.61,11.64,0.0
2017-09-27,25.69,61.94,14.11,3.51
2017-09-28,25.77,65.16,14.98,0.0
2017-09-29,23.81,61.1,12.8,3.99
2017-09-30,27.09,52.51,11.43,0.0
2017-10-01,26.87,56.88,6.22,0.0
2017-10-02,22.72,72.04,14.4,0.0
2017-10-03,27.0,62.45,12.17,0.0
2017-10-04,29.59,63.28,10.35,0.0
2017-10-05,25.72,61.13,17.11,0.0
2017-10-06,24.6,59.36,6.29,0.0
2017-10-07,24.88,73.23,18.58,0.0
2017-10-08,26.29,61.26,11.91,0.0
2017-10-09,21.49,62.37,13.27,0.0
2017-10-10,25.18,69.58,10.42,0.0
2017-10-11,23.96,59.34,5.33,2.02
2017-10-12,28.34,57.7,11.44,7.34
2017-10-13,24.19,63.61,13.34,7.44
2017-10-14,27.77,61.58,14.7,0.0
2017-10-15,22.12,66.24,11.21,0.0
2017-10-16,25.41,75.43,3.23,4.57
2017-10-17,24.77,65.24,5.83,0.0
2017-10-18,22.29,50.32,20.21,0.0
2017-10-19,24.29,65.45,7.63,0.0
2017-10-20,26.26,62.63,17.71,12.51
2017-10-21,23.09,64.41,8.26,7.91
2017-10-22,20.26,67.18,11.27,0.0
2017-10-23,23.51,63.74,14.5,0.0
2017-10-24,21.65,64.63,8.72,0.0
2017-10-25,22.68,68.05,18.37,0.0
2017-10-26,23.11,60.89,12.3,0.0
2017-10-27,19.77,60.29,13.84,0.0
2017-10-28,19.86,84.07,10.93,0.0
2017-10-29,23.97,59.37,14.63,0.0
2017-10-30,21.87,65.42,18.32,13.17
2017-10-31,17.7,58.14,11.47,0.0
2017-11-01,24.32,64.17,18.92,17.07
2017-11-02,23.21,58.48,9.55,0.0
2017-11-03,21.16,62.56,15.06,17.54
2017-11-04,19.87,72.19,13.96,0.0
2017-11-05,24.1,66.43,7.73,0.0
2017-11-06,23.05,67.58,12.86,4.81
2017-11-07,27.04,51.35,12.03,8.09
2017-11-08,23.04,75.2,8.59,0.0
2017-11-09,22.9,57.1,13.43,0.0
2017-11-10,21.72,74.07,12.59,0.0
2017-11-11,23.62,69.99,11.71,0.0
2017-11-12,23.17,67.57,11.73,11.44
2017-11-13,24.35,58.33,11.64,0.0
2017-11-14,20.74,66.35,10.53,0.0
2017-11-15,20.85,62.56,12.56,0.0
2017-11-16,20.7,65.64,9.42,0.0
2017-11-17,23.18,62.6,22.63,0.0
2017-11-18,24.53,51.13,6.36,0.0
2017-11-19,20.56,72.27,9.66,0.0
2017-11-20,20.57,65.05,9.98,0.0
2017-11-21,22.0,61.84,20.16,0.0
2017-11-22,20.82,62.03,6.72,0.0
2017-11-23,23.17,66.26,13.7,0.0
2017-11-24,16.71,62.3,12.99,0.0
2017-11-25,19.52,52.59,13.33,0.0
2017-11-26,19.56,68.54,16.95,0.0
2017-11-27,16.44,70.92,16.86,0.0
2017-11-28,19.11,65.14,10.2,0.0
2017-11-29,19.17,59.42,12.78,0.0
2017-11-30,20.56,66.08,4.54,0.0
2017-12-01,23.15,55.33,12.4,0.0
2017-12-02,20.4,59.47,8.82,0.0
2017-12-03,18.79,62.01,11.25,0.0
2017-12-04,20.71,70.52,5.26,0.0
2017-12-05,22.89,62.08,13.62,0.0
2017-12-06,18.81,63.82,5.21,0.0
2017-12-07,18.92,78.17,12.59,0.0
2017-12-08,21.83,66.96,7.09,0.0
2017-12-09,20.25,67.75,8.6,0.0
2017-12-10,21.97,62.55,16.62,0.0
2017-12-11,20.63,61.93,14.35,0.0
2017-12-12,22.04,51.61,16.6,0.0
2017-12-13,18.56,72.46,18.24,0.0
2017-12-14,20.59,68.22,8.91,16.12
2017-12-15,20.18,64.67,18.0,0.0
2017-12-16,18.16,66.04,6.14,0.0
2017-12-17,17.46,71.66,14.98,0.0
2017-12-18,21.96,55.45,10.03,0.0
2017-12-19,19.88,62.38,8.28,0.0
2017-12-20,18.54,59.84,14.46,0.0
2017-12-21,20.39,76.27,15.78,0.0
2017-12-22,22.84,69.54,15.66,0.0
2017-12-23,16.03,54.82,12.86,0.0
2017-12-24,17.6,58.09,12.53,0.0
2017-12-25,18.76,65.74,14.11,0.0
2017-12-26,23.54,61.07,13.22,0.0
2017-12-27,21.19,57.25,14.17,0.0
2017-12-28,22.18,76.32,12.82,4.73
2017-12-29,18.38,68.62,15.37,0.0
2017-12-30,18.44,69.56,5.49,0.0
2017-12-31,21.59,60.82,11.47,0.0
2018-01-01,20.92,69.68,6.46,0.0
2018-01-02,21.93,62.51,13.11,0.0
2018-01-03,20.48,63.89,18.57,0.44
2018-01-04,21.44,68.72,10.1,0.0
2018-01-05,21.23,55.4,12.51,0.0
2018-01-06,22.5,74.06,15.03,0.0
2018-01-07,22.59,65.52,3.73,0.0
2018-01-08,17.78,74.76,9.91,1.89
2018-01-09,16.56,61.29,13.46,0.0
2018-01-10,23.1,58.61,1.0,0.0
2018-01-11,23.51,56.95,8.09,0.0
2018-01-12,19.13,67.83,16.4,5.07
2018-01-13,17.5,67.62,16.01,0.0
2018-01-14,21.46,62.26,13.5,0.0
2018-01-15,23.18,58.02,15.53,0.0
2018-01-16,24.96,55.52,12.86,14.23
2018-01-17,22.45,64.21,14.22,0.0
2018-01-18,20.73,62.66,10.74,0.0
2018-01-19,19.74,61.88,12.46,0.0
2018-01-20,21.6,74.25,9.47,0.0
2018-01-21,21.04,64.78,17.05,0.0
2018-01-22,19.67,73.65,18.09,0.0
2018-01-23,25.86,59.43,17.52,0.0
2018-01-24,25.39,64.35,10.37,0.0
2018-01-25,24.16,63.23,8.18,27.64
2018-01-26,20.11,55.6,17.11,0.0
2018-01-27,23.73,72.37,14.18,14.14
2018-01-28,23.37,63.19,13.31,0.0
2018-01-29,23.05,68.65,9.47,0.0
2018-01-30,24.73,58.73,13.7,0.0
2018-01-31,23.58,62.89,7.66,0.0
2018-02-01,23.86,58.52,14.54,0.0
2018-02-02,23.73,71.21,17.52,0.0
2018-02-03,23.22,65.95,18.52,0.0
2018-02-04,19.05,68.58,14.83,7.28
2018-02-05,22.86,72.42,6.47,0.0
2018-02-06,21.67,71.87,12.79,2.21
2018-02-07,20.3,70.28,20.56,0.0
2018-02-08,26.31,53.85,8.53,0.0
2018-02-09,26.49,58.11,11.76,0.0
2018-02-10,25.84,56.62,17.65,0.0
2018-02-11,23.72,68.17,14.47,0.0
2018-02-12,26.0,63.58,21.92,0.0
2018-02-13,23.41,55.63,9.07,0.0
2018-02-14,23.88,62.58,8.04,18.67
2018-02-15,21.38,56.12,16.9,0.0
2018-02-16,24.46,63.08,7.22,6.36
2018-02-17,23.88,53.78,11.21,0.0
2018-02-18,21.25,68.34,11.74,0.0
2018-02-19,23.85,66.0,16.14,0.0
2018-02-20,23.89,75.16,14.46,0.0
2018-02-21,27.74,66.68,13.83,0.0
2018-02-22,26.04,59.99,10.39,7.18
2018-02-23,24.37,68.35,16.86,0.0
2018-02-24,24.95,54.74,28.1,18.98
2018-02-25,24.64,57.52,14.77,0.0
2018-02-26,24.25,65.51,12.4,0.0
2018-02-27,22.59,51.47,6.81,0.0
2018-02-28,24.56,63.12,9.45,0.0
2018-03-01,23.48,57.82,11.15,0.0
2018-03-02,22.57,65.04,9.86,0.0
2018-03-03,26.2,55.97,11.94,9.43
2018-03-04,26.07,65.06,19.11,0.0
2018-03-05,21.82,64.96,16.99,9.99
2018-03-06,25.26,71.36,11.36,0.0
2018-03-07,27.6,61.71,7.17,1.37
2018-03-08,27.84,56.93,17.35,0.0
2018-03-09,27.88,60.04,11.8,0.0
2018-03-10,26.02,54.48,5.09,0.0
2018-03-11,24.36,65.89,14.85,0.0
2018-03-12,23.99,67.19,16.1,0.0
2018-03-13,26.96,76.84,2.3,0.0
2018-03-14,27.14,58.19,8.7,0.0
2018-03-15,29.06,59.26,11.56,15.65
2018-03-16,28.8,57.55,14.94,0.0
2018-03-17,26.45,63.58,9.94,0.0
2018-03-18,24.34,65.76,8.67,0.0
2018-03-19,26.3,62.07,14.91,0.0
2018-03-20,27.48,68.25,10.13,0.0
2018-03-21,26.76,58.43,14.17,0.0
2018-03-22,26.12,68.4,7.55,0.0
2018-03-23,27.89,64.74,6.59,0.0
2018-03-24,26.49,62.21,15.02,0.0
2018-03-25,26.35,60.47,13.01,9.37
2018-03-26,28.34,75.82,15.69,0.0
2018-03-27,27.03,57.08,9.87,0.0
2018-03-28,28.43,63.0,8.82,0.0
2018-03-29,28.6,56.62,17.44,0.0
2018-03-30,25.88,73.33,5.91,0.0
2018-03-31,27.31,67.15,17.01,0.0
2018-04-01,31.26,55.59,17.28,5.05
2018-04-02,26.17,65.53,15.44,0.0
2018-04-03,24.37,64.99,9.25,0.0
2018-04-04,24.99,60.01,8.73,9.46
2018-04-05,28.88,65.52,11.16,10.89
2018-04-06,28.99,63.24,6.82,0.0
2018-04-07,28.8,62.3,8.15,0.0
2018-04-08,31.57,59.24,14.58,0.0
2018-04-09,23.9,66.29,14.6,0.0
2018-04-10,30.14,61.65,7.8,0.0
2018-04-11,32.58,59.29,14.7,0.0
2018-04-12,27.31,57.99,13.82,8.13
2018-04-13,28.91,71.11,18.04,4.59
2018-04-14,28.26,55.0,14.28,0.0
2018-04-15,28.08,63.97,16.23,0.0
2018-04-16,29.32,58.8,13.91,0.0
2018-04-17,32.93,69.3,15.92,0.0
2018-04-18,33.85,52.81,6.85,0.0
2018-04-19,29.6,56.16,11.51,0.0
2018-04-20,34.18,52.23,11.84,0.0
2018-04-21,30.54,62.0,11.03,5.28
2018-04-22,34.07,49.87,13.78,0.0
2018-04-23,30.47,57.22,14.54,0.0
2018-04-24,31.01,46.88,13.57,0.0
2018-04-25,31.57,60.93,11.29,0.0
2018-04-26,37.29,53.34,9.06,0.0
2018-04-27,32.73,49.92,16.39,10.25
2018-04-28,29.7,67.03,13.4,0.0
2018-04-29,33.14,50.78,7.93,7.74
2018-04-30,30.56,64.82,11.23,0.0
2018-05-01,30.39,55.93,5.03,0.0
2018-05-02,33.28,68.16,12.14,6.24
2018-05-03,31.6,63.97,11.21,0.0
2018-05-04,32.18,53.1,9.7,14.44
2018-05-05,31.73,53.89,18.34,0.0
2018-05-06,32.46,62.63,7.38,0.0
2018-05-07,32.71,57.28,14.83,0.0
2018-05-08,28.06,60.4,20.75,0.0
2018-05-09,33.35,66.14,16.31,5.41
2018-05-10,30.12,55.79,11.87,0.0
2018-05-11,29.27,61.3,7.46,0.0
2018-05-12,32.11,64.92,6.55,0.0
2018-05-13,32.47,63.85,10.35,0.0
2018-05-14,30.98,58.85,9.25,0.0
2018-05-15,34.09,56.36,9.12,0.0
2018-05-16,29.81,50.02,10.69,0.0
2018-05-17,31.75,53.05,11.59,0.0
2018-05-18,31.45,61.46,13.94,9.03
2018-05-19,32.59,58.1,7.05,1.1
2018-05-20,33.3,58.99,9.27,0.0
2018-05-21,30.78,66.16,11.36,0.0
2018-05-22,34.3,50.86,11.22,0.0
2018-05-23,33.03,57.27,19.35,0.0
2018-05-24,29.17,61.94,12.93,0.0
2018-05-25,29.09,56.63,5.55,0.0
2018-05-26,33.03,67.27,13.67,0.0
2018-05-27,32.66,64.34,14.18,0.0
2018-05-28,32.94,60.48,11.5,10.23
2018-05-29,33.13,69.39,7.15,0.0
2018-05-30,33.68,49.33,19.03,0.0
2018-05-31,35.16,57.46,7.72,5.29
2018-06-01,31.08,61.95,14.64,0.0
2018-06-02,31.0,54.31,12.8,0.0
2018-06-03,31.19,61.5,14.4,0.0
2018-06-04,33.98,51.52,18.83,0.0
2018-06-05,35.93,61.23,14.25,0.0
2018-06-06,32.6,65.27,9.77,0.0
2018-06-07,28.49,62.82,16.42,0.74
2018-06-08,30.11,49.17,9.48,0.0
2018-06-09,31.87,53.52,12.65,10.1
2018-06-10,32.44,62.39,6.83,0.0
2018-06-11,32.76,58.96,7.87,0.0
2018-06-12,33.67,42.17,12.21,0.0
2018-06-13,32.99,66.17,13.47,5.29
2018-06-14,35.72,58.02,5.19,0.0
2018-06-15,32.28,54.18,13.99,0.0
2018-06-16,31.92,65.27,8.72,0.0
2018-06-17,34.61,53.75,17.12,0.0
2018-06-18,30.58,55.9,10.59,3.32
2018-06-19,34.44,60.06,7.51,0.0
2018-06-20,33.87,68.91,12.3,0.0
2018-06-21,33.36,68.24,8.34,0.0
2018-06-22,36.83,58.75,17.08,8.66
2018-06-23,32.41,61.8,12.0,0.0
2018-06-24,37.77,60.83,11.39,0.0
2018-06-25,33.19,51.05,14.37,0.0
2018-06-26,31.07,63.62,7.98,0.0
2018-06-27,33.76,53.88,6.84,0.0
2018-06-28,31.45,61.46,13.63,1.73
2018-06-29,32.08,57.84,7.6,0.0
2018-06-30,34.36,60.96,7.6,0.0
2018-07-01,34.66,58.49,15.35,16.38
2018-07-02,32.28,40.66,14.1,0.0
2018-07-03,35.48,58.41,6.98,0.0
2018-07-04,35.8,61.02,9.52,0.0
2018-07-05,36.33,59.55,8.39,0.0
2018-07-06,34.48,57.27,19.11,0.0
2018-07-07,36.12,66.84,15.62,0.0
2018-07-08,29.6,62.44,10.32,0.0
2018-07-09,32.69,61.5,14.3,0.0
2018-07-10,31.56,65.76,6.58,0.0
2018-07-11,33.49,60.61,9.31,0.0
2018-07-12,32.07,53.82,12.42,0.0
2018-07-13,32.84,44.16,13.81,5.41
2018-07-14,36.89,53.7,11.61,0.0
2018-07-15,32.74,63.41,12.99,18.87
2018-07-16,33.86,56.11,12.31,0.0
2018-07-17,32.52,63.77,11.35,0.0
2018-07-18,33.09,59.54,10.82,1.3
2018-07-19,32.9,66.49,10.29,0.0
2018-07-20,33.73,56.53,12.93,8.59
2018-07-21,35.11,60.35,13.64,0.0
2018-07-22,36.01,60.08,12.79,0.0
2018-07-23,33.28,67.56,7.29,0.0
2018-07-24,33.78,48.03,8.0,0.0
2018-07-25,30.24,57.47,13.6,3.76
2018-07-26,32.3,64.18,17.89,0.0
2018-07-27,34.29,67.27,12.61,0.0
2018-07-28,34.07,59.55,10.35,22.92
2018-07-29,32.7,57.11,12.9,0.0
2018-07-30,33.98,62.71,7.45,3.91
2018-07-31,33.11,63.85,17.24,0.0
2018-08-01,34.46,55.74,12.75,5.98
2018-08-02,32.56,60.92,9.32,0.0
2018-08-03,31.2,66.77,11.33,5.71
2018-08-04,32.5,70.32,9.89,4.94
2018-08-05,25.89,67.06,17.25,0.0
2018-08-06,32.44,59.27,11.19,0.0
2018-08-07,24.3,63.16,12.62,0.0
2018-08-08,28.06,64.76,14.29,0.0
2018-08-09,32.33,58.37,9.04,0.0
2018-08-10,32.3,60.22,12.77,0.0
2018-08-11,28.93,54.59,13.1,0.0
2018-08-12,29.74,68.27,5.78,0.0
2018-08-13,33.82,51.41,13.01,0.0
2018-08-14,30.02,57.75,11.82,0.0
2018-08-15,35.38,57.97,12.52,0.0
2018-08-16,30.8,71.85,12.14,0.0
2018-08-17,31.53,56.97,13.04,0.0
2018-08-18,33.85,54.23,17.35,0.0
2018-08-19,30.79,56.61,7.28,0.0
2018-08-20,28.42,71.17,10.63,0.0
2018-08-21,30.11,43.41,14.67,0.0
2018-08-22,30.16,54.24,13.92,0.0
2018-08-23,27.4,78.17,13.84,0.0
2018-08-24,29.52,64.16,23.01,0.0
2018-08-25,28.45,54.57,14.46,1.28
2018-08-26,31.68,59.17,16.52,2.3
2018-08-27,29.8,60.87,10.77,6.2
2018-08-28,29.06,65.94,8.03,11.39
2018-08-29,29.31,71.77,10.74,0.0
2018-08-30,29.86,62.76,14.85,1.75
2018-08-31,30.55,56.81,13.63,10.54
2018-09-01,27.21,66.61,13.61,0.0
2018-09-02,27.02,57.8,11.14,14.21
2018-09-03,31.2,53.49,10.5,7.93
2018-09-04,28.06,50.86,11.28,8.46
2018-09-05,25.94,53.19,14.9,7.75
2018-09-06,29.56,55.21,15.36,0.0
2018-09-07,29.49,53.57,7.98,0.0
2018-09-08,25.39,64.77,15.05,0.0
2018-09-09,28.8,53.81,9.4,0.0
2018-09-10,29.7,41.65,13.88,0.0
2018-09-11,28.87,54.71,11.23,0.0
2018-09-12,29.27,57.92,18.26,0.0
2018-09-13,25.09,59.42,10.33,0.0
2018-09-14,28.45,70.32,12.71,0.0
2018-09-15,27.07,58.28,14.43,0.0
2018-09-16,26.6,67.51,8.5,0.0
2018-09-17,29.19,60.68,11.71,5.72
2018-09-18,30.3,59.93,10.93,0.0
2018-09-19,30.82,54.89,9.94,8.59
2018-09-20,29.75,60.14,10.24,0.0
2018-09-21,26.79,57.53,16.45,0.0
2018-09-22,27.6,62.69,9.61,0.0
2018-09-23,28.32,59.86,14.27,5.84
2018-09-24,26.91,56.38,13.26,0.0
2018-09-25,26.82,68.05,6.41,0.0
2018-09-26,28.1,63.96,14.08,0.0
2018-09-27,26.22,59.74,6.35,0.0
2018-09-28,24.77,64.1,14.51,0.0
2018-09-29,25.29,62.44,9.97,0.0
2018-09-30,27.27,56.64,12.03,0.0
2018-10-01,25.9,63.03,6.82,0.0
2018-10-02,26.47,58.57,12.49,17.63
2018-10-03,27.02,56.32,15.71,7.52
2018-10-04,24.82,53.46,8.77,11.88
2018-10-05,26.97,59.86,9.57,0.0
2018-10-06,26.11,65.89,13.82,0.0
2018-10-07,22.78,60.16,13.92,0.0
2018-10-08,28.02,76.56,2.26,0.0
2018-10-09,24.03,68.95,20.06,0.0
2018-10-10,21.62,72.79,14.11,13.68
2018-10-11,22.73,69.12,14.79,8.01
2018-10-12,22.68,75.49,11.43,0.0
2018-10-13,24.72,58.53,4.58,0.0
2018-10-14,23.97,48.3,14.7,0.0
2018-10-15,23.74,61.12,9.74,5.91
2018-10-16,25.55,66.15,14.18,0.0
2018-10-17,24.89,64.07,11.12,0.0
2018-10-18,24.74,64.89,12.95,0.0
2018-10-19,24.83,71.12,8.9,12.73
2018-10-20,25.15,65.31,15.46,0.0
2018-10-21,19.6,70.86,7.25,0.0
2018-10-22,23.0,58.57,20.98,0.0
2018-10-23,19.27,59.68,20.95,0.0
2018-10-24,23.61,73.55,18.53,0.0
2018-10-25,23.43,64.57,17.1,0.0
2018-10-26,25.44,59.12,11.66,0.0
2018-10-27,25.64,59.02,16.67,0.0
2018-10-28,23.58,59.99,11.62,11.96
2018-10-29,22.09,60.45,5.79,7.19
2018-10-30,23.97,55.97,18.01,0.0
2018-10-31,21.86,55.83,16.52,2.97
2018-11-01,22.83,63.12,11.87,2.39
2018-11-02,24.72,59.7,7.1,0.0
2018-11-03,21.55,71.64,9.66,0.0
2018-11-04,24.2,65.3,4.72,16.27
2018-11-05,23.86,65.32,15.78,0.0
2018-11-06,20.52,61.11,5.59,0.0
2018-11-07,24.3,62.76,13.15,0.0
2018-11-08,23.68,65.99,8.63,0.0
2018-11-09,22.41,68.82,6.29,0.0
2018-11-10,20.61,64.95,12.95,5.92
2018-11-11,20.35,72.13,10.66,0.0
2018-11-12,20.92,65.39,15.35,14.53
2018-11-13,23.01,68.95,6.93,0.0
2018-11-14,19.95,62.94,8.97,7.08
2018-11-15,22.67,53.5,2.45,5.52
2018-11-16,19.25,67.87,3.26,0.69
2018-11-17,21.27,69.5,19.19,0.0
2018-11-18,21.84,68.29,20.33,4.73
2018-11-19,26.45,64.84,12.37,0.0
2018-11-20,18.75,64.45,8.7,4.55
2018-11-21,24.39,58.59,10.81,0.0
2018-11-22,21.7,68.23,15.49,0.0
2018-11-23,22.17,67.22,9.94,0.0
2018-11-24,21.53,61.64,12.95,0.0
2018-11-25,22.14,71.33,11.95,0.0
2018-11-26,20.9,60.06,9.72,0.0
2018-11-27,24.07,60.11,9.9,8.96
2018-11-28,20.2,75.56,13.17,0.0
2018-11-29,23.34,69.22,8.09,0.0
2018-11-30,19.75,63.84,13.81,0.0
2018-12-01,20.88,67.09,10.11,0.0
2018-12-02,18.82,67.43,12.51,0.0
2018-12-03,21.84,48.36,17.54,0.0
2018-12-04,23.79,58.32,11.33,0.0
2018-12-05,20.72,65.15,15.68,0.0
2018-12-06,20.45,63.46,4.83,0.0
2018-12-07,18.59,68.11,10.12,0.0
2018-12-08,20.34,72.44,12.11,0.0
2018-12-09,17.59,65.25,19.69,0.0
2018-12-10,18.93,60.09,4.16,0.0
2018-12-11,21.19,67.14,11.62,0.0
2018-12-12,23.36,62.04,17.83,0.0
2018-12-13,26.32,61.44,8.86,0.0
2018-12-14,19.52,64.36,11.15,17.38
2018-12-15,23.55,77.35,13.33,0.0
2018-12-16,21.16,51.77,12.74,30.76
2018-12-17,20.37,63.32,18.26,7.76
2018-12-18,21.53,64.99,13.79,0.0
2018-12-19,20.78,60.73,17.31,0.0
2018-12-20,20.88,70.76,10.56,0.0
2018-12-21,19.84,70.82,9.04,0.0
2018-12-22,17.87,66.74,11.1,0.0
2018-12-23,17.58,65.56,7.36,0.0
2018-12-24,21.98,64.09,13.93,0.0
2018-12-25,20.13,65.15,10.46,0.0
2018-12-26,19.5,65.65,9.31,0.0
2018-12-27,20.72,64.32,13.99,0.0
2018-12-28,22.31,66.09,7.43,0.0
2018-12-29,21.1,69.76,15.08,0.0
2018-12-30,19.45,58.77,10.09,0.0
2018-12-31,23.23,57.77,16.64,0.0
2019-01-01,24.04,53.13,10.43,0.0
2019-01-02,21.9,70.0,14.53,0.0
2019-01-03,22.88,65.77,12.72,0.0
2019-01-04,23.45,66.99,14.98,0.0
2019-01-05,23.25,55.48,12.44,0.0
2019-01-06,22.25,75.32,5.35,0.0
2019-01-07,22.26,60.96,16.04,0.0
2019-01-08,22.13,65.69,11.65,23.85
2019-01-09,18.94,71.56,15.16,0.0
2019-01-10,22.57,58.51,14.76,0.0
2019-01-11,18.5,63.4,8.91,0.0
2019-01-12,19.67,67.11,8.34,0.0
2019-01-13,23.91,80.85,14.62,15.93
2019-01-14,23.03,65.99,10.79,0.0
2019-01-15,24.37,73.09,15.75,0.0
2019-01-16,20.9,72.59,11.29,0.0
2019-01-17,19.19,68.5,16.09,0.0
2019-01-18,21.07,59.33,13.69,0.0
2019-01-19,21.81,71.21,13.15,0.0
2019-01-20,21.82,55.86,10.5,9.69
2019-01-21,23.99,73.26,12.93,0.0
2019-01-22,21.06,66.47,16.77,18.97
2019-01-23,22.54,48.55,11.78,0.0
2019-01-24,19.93,63.85,14.12,0.0
2019-01-25,22.87,68.2,12.19,0.0
2019-01-26,22.04,63.31,12.5,0.0
2019-01-27,20.6,69.81,18.89,0.0
2019-01-28,21.7,59.82,16.81,12.0
2019-01-29,21.87,56.98,12.32,0.0
2019-01-30,21.77,64.45,12.86,0.0
2019-01-31,25.93,62.78,9.19,0.0
2019-02-01,22.27,62.51,11.31,9.07
2019-02-02,22.05,72.09,13.24,1.81
2019-02-03,18.42,61.62,15.4,0.0
2019-02-04,20.91,67.23,15.0,0.0
2019-02-05,22.25,65.02,7.56,0.0
2019-02-06,21.49,55.69,15.91,0.0
2019-02-07,25.71,54.8,11.64,0.0
2019-02-08,22.7,64.44,8.05,0.0
2019-02-09,25.69,74.61,17.35,0.0
2019-02-10,23.32,67.5,17.85,0.0
2019-02-11,23.36,53.65,13.05,0.0
2019-02-12,23.2,45.43,14.84,0.0
2019-02-13,23.47,68.34,15.07,0.0
2019-02-14,27.0,61.42,17.58,0.0
2019-02-15,19.01,73.24,14.91,6.98
2019-02-16,19.74,60.71,6.69,0.0
2019-02-17,22.75,66.44,20.04,16.12
2019-02-18,23.96,68.75,16.26,0.0
2019-02-19,25.41,60.19,9.96,0.0
2019-02-20,25.08,60.5,7.88,0.0
2019-02-21,23.46,64.1,14.02,0.0
2019-02-22,26.37,65.6,10.89,0.0
2019-02-23,26.49,62.19,13.32,0.0
2019-02-24,24.9,69.0,14.97,0.0
2019-02-25,26.56,59.47,9.73,0.0
2019-02-26,25.28,54.98,7.54,0.0
2019-02-27,23.72,75.67,13.54,18.78
2019-02-28,26.34,58.74,9.87,14.1
2019-03-01,25.27,59.54,12.58,0.0
2019-03-02,25.16,62.62,6.63,0.0
2019-03-03,28.21,61.74,10.99,12.18
2019-03-04,20.46,63.27,14.86,0.0
2019-03-05,22.64,64.29,14.42,0.0
2019-03-06,23.21,63.85,8.85,0.0
2019-03-07,24.96,64.17,7.33,0.0
2019-03-08,25.29,48.8,12.06,0.0
2019-03-09,22.89,75.54,14.24,0.0
2019-03-10,24.05,62.74,13.62,0.0
2019-03-11,24.41,66.91,9.95,0.0
2019-03-12,31.15,51.45,13.19,0.0
2019-03-13,29.95,57.55,18.01,0.0
2019-03-14,25.64,58.72,12.82,0.0
2019-03-15,25.84,71.45,5.47,0.0
2019-03-16,24.38,59.92,12.81,0.0
2019-03-17,22.98,68.76,20.18,0.0
2019-03-18,26.67,58.28,6.85,0.0
2019-03-19,25.02,60.37,12.12,0.0
2019-03-20,26.96,60.55,11.09,16.33
2019-03-21,24.04,71.33,12.38,9.85
2019-03-22,25.83,51.31,12.78,0.0
2019-03-23,27.76,53.69,16.56,0.0
2019-03-24,28.31,49.6,12.34,0.0
2019-03-25,28.52,54.64,17.11,10.44
2019-03-26,25.16,58.14,11.53,0.0
2019-03-27,29.62,50.87,10.6,0.0
2019-03-28,26.42,57.91,9.32,0.0
2019-03-29,29.4,48.59,4.73,0.0
2019-03-30,28.22,55.22,13.1,0.0
2019-03-31,25.6,69.97,20.22,0.0
2019-04-01,27.83,63.96,13.83,0.0
2019-04-02,29.3,61.86,14.75,0.0
2019-04-03,29.91,54.38,10.35,0.0
2019-04-04,28.51,51.95,11.02,0.0
2019-04-05,31.96,52.44,15.94,0.0
2019-04-06,31.02,59.53,20.03,0.0
2019-04-07,28.6,66.33,17.95,0.0
2019-04-08,30.72,65.37,15.22,0.0
2019-04-09,33.19,62.38,12.14,0.0
2019-04-10,33.35,54.08,12.84,0.0
2019-04-11,27.08,62.1,8.99,0.0
2019-04-12,27.79,59.64,6.21,0.0
2019-04-13,32.72,57.65,7.49,7.92
2019-04-14,27.73,73.82,12.2,0.0
2019-04-15,27.3,51.26,10.83,10.2
2019-04-16,29.08,59.45,6.12,0.0
2019-04-17,30.99,67.07,11.85,0.0
2019-04-18,30.05,51.53,10.73,0.0
2019-04-19,29.05,57.01,7.31,5.85
2019-04-20,29.1,57.67,10.52,0.0
2019-04-21,29.12,59.49,10.72,5.81
2019-04-22,28.88,51.39,9.53,0.0
2019-04-23,35.3,61.01,15.71,0.0
2019-04-24,31.42,63.56,4.39,0.0
2019-04-25,32.69,61.92,4.06,0.0
2019-04-26,30.03,55.11,12.01,0.0
2019-04-27,30.73,60.47,12.38,0.0
2019-04-28,29.77,55.08,13.62,3.68
2019-04-29,25.98,60.57,9.84,0.0
2019-04-30,28.61,74.03,8.33,0.0
2019-05-01,27.83,62.12,11.97,0.0
2019-05-02,27.04,54.85,10.23,26.09
2019-05-03,29.23,61.86,18.2,5.64
2019-05-04,34.35,49.84,10.7,0.0
2019-05-05,31.7,52.22,11.79,0.0
2019-05-06,34.44,51.66,21.9,0.0
2019-05-07,32.76,56.16,11.22,0.0
2019-05-08,33.58,64.0,14.22,0.0
2019-05-09,30.29,63.66,14.59,0.0
2019-05-10,33.21,61.72,14.93,0.0
2019-05-11,33.7,51.72,13.16,14.77
2019-05-12,31.16,56.47,12.78,0.0
2019-05-13,33.5,60.06,12.4,0.0
2019-05-14,33.58,54.61,9.7,0.0
2019-05-15,31.41,57.9,13.3,0.0
2019-05-16,30.33,62.82,20.11,0.0
2019-05-17,30.27,58.11,16.84,0.0
2019-05-18,32.87,60.13,13.22,0.0
2019-05-19,33.42,68.03,15.42,0.0
2019-05-20,31.23,58.64,8.52,0.0
2019-05-21,32.93,65.81,10.96,0.0
2019-05-22,34.07,61.47,15.79,0.0
2019-05-23,34.22,49.23,17.95,0.0
2019-05-24,36.14,50.36,8.92,0.0
2019-05-25,35.64,52.25,10.07,7.2
2019-05-26,31.13,54.6,20.73,0.0
2019-05-27,36.55,56.21,12.39,0.0
2019-05-28,32.16,62.85,19.29,3.64
2019-05-29,35.36,64.93,12.83,11.88
2019-05-30,33.44,60.3,12.98,0.0
2019-05-31,32.52,56.29,10.78,0.0
2019-06-01,29.77,47.98,15.77,0.0
2019-06-02,33.08,59.08,17.43,2.86
2019-06-03,30.34,60.32,7.86,0.0
2019-06-04,35.42,58.47,10.59,0.0
2019-06-05,36.55,69.39,15.66,0.0
2019-06-06,31.95,66.72,11.48,0.0
2019-06-07,34.17,62.76,10.03,0.0
2019-06-08,32.14,53.4,16.04,26.72
2019-06-09,32.36,55.97,16.41,0.0
2019-06-10,35.19,56.93,10.2,0.0
2019-06-11,33.58,53.73,12.85,0.0
2019-06-12,37.15,59.42,7.17,0.0
2019-06-13,32.72,60.99,8.42,0.0
2019-06-14,35.7,50.68,12.5,0.0
2019-06-15,33.91,65.38,12.13,0.0
2019-06-16,35.31,58.04,8.13,0.0
2019-06-17,32.84,48.42,9.14,14.62
2019-06-18,33.64,58.04,7.74,0.0
2019-06-19,33.51,60.11,13.82,0.0
2019-06-20,32.07,65.05,4.13,0.0
2019-06-21,35.06,55.54,7.95,16.34
2019-06-22,35.04,62.55,4.55,0.0
2019-06-23,34.92,58.77,13.68,0.0
2019-06-24,36.8,48.72,4.79,0.0
2019-06-25,36.62,48.22,12.13,1.56
2019-06-26,32.96,65.46,18.56,0.0
2019-06-27,34.44,65.08,18.69,0.0
2019-06-28,32.44,60.95,4.78,0.0
2019-06-29,33.71,67.28,13.19,0.0
2019-06-30,32.45,65.34,8.04,0.0
2019-07-01,36.87,60.67,7.23,0.0
2019-07-02,34.34,52.5,11.55,0.0
2019-07-03,33.15,69.01,16.91,0.0
2019-07-04,35.95,60.3,14.4,4.9
2019-07-05,29.19,58.48,9.14,0.0
2019-07-06,29.48,56.63,14.82,15.23
2019-07-07,35.07,59.1,3.03,0.0
2019-07-08,33.56,48.36,8.99,0.0
2019-07-09,33.91,62.4,8.7,0.0
2019-07-10,30.72,54.23,12.31,5.57
2019-07-11,33.29,60.77,11.19,0.0
2019-07-12,37.3,53.21,11.43,0.0
2019-07-13,34.9,56.07,11.3,0.0
2019-07-14,33.55,53.86,12.09,0.0
2019-07-15,32.28,58.13,14.16,6.43
2019-07-16,32.33,70.41,12.6,32.81
2019-07-17,28.81,69.32,10.86,0.0
2019-07-18,33.53,60.53,13.61,0.0
2019-07-19,34.66,57.64,15.3,0.0
2019-07-20,29.76,65.55,9.78,0.0
2019-07-21,31.53,66.29,11.76,0.0
2019-07-22,30.48,55.11,16.65,0.0
2019-07-23,30.81,59.44,7.59,8.41
2019-07-24,32.79,47.89,19.22,16.02
2019-07-25,28.45,67.94,6.64,0.0
2019-07-26,33.78,70.66,10.62,0.0
2019-07-27,34.0,58.63,8.2,0.0
2019-07-28,31.92,46.54,20.75,30.3
2019-07-29,27.39,65.44,9.99,0.0
2019-07-30,30.29,54.77,10.0,10.06
2019-07-31,34.68,53.8,10.52,0.0
2019-08-01,26.58,65.99,12.38,15.95
2019-08-02,31.37,61.12,10.69,0.0
2019-08-03,29.63,57.63,11.47,17.27
2019-08-04,33.52,54.52,1.0,0.24
2019-08-05,30.48,60.84,12.23,0.0
2019-08-06,32.56,56.48,12.07,0.0
2019-08-07,32.8,52.15,16.15,0.0
2019-08-08,35.26,55.46,17.24,0.0
2019-08-09,31.1,61.78,11.25,0.0
2019-08-10,32.17,58.09,15.26,0.0
2019-08-11,28.37,52.77,7.59,0.0
2019-08-12,33.63,64.29,15.07,0.0
2019-08-13,29.64,44.12,9.71,0.0
2019-08-14,29.95,57.7,7.26,0.0
2019-08-15,30.93,56.11,11.26,0.0
2019-08-16,27.76,62.47,17.6,9.86
2019-08-17,31.25,63.03,12.72,0.0
2019-08-18,32.63,65.66,17.99,0.0
2019-08-19,31.19,55.42,9.01,0.0
2019-08-20,27.33,65.34,16.19,0.0
2019-08-21,30.16,61.44,9.39,9.3
2019-08-22,31.8,49.09,12.9,2.93
2019-08-23,26.46,73.7,12.87,0.0
2019-08-24,27.96,52.84,14.65,0.0
2019-08-25,31.77,61.9,13.0,0.0
2019-08-26,30.45,62.44,9.04,0.0
2019-08-27,30.63,61.66,15.52,0.0
2019-08-28,33.43,55.5,18.93,0.0
2019-08-29,30.54,65.02,9.66,0.0
2019-08-30,30.81,50.54,4.66,3.75
2019-08-31,34.81,57.31,14.0,0.0
2019-09-01,28.86,57.59,10.68,0.0
2019-09-02,27.58,57.61,11.48,17.82
2019-09-03,29.93,62.96,14.22,0.68
2019-09-04,29.84,66.9,10.17,0.0
2019-09-05,27.8,59.5,10.92,0.0
2019-09-06,26.68,66.86,11.6,0.0
2019-09-07,33.26,58.86,17.88,0.0
2019-09-08,29.18,55.44,12.12,14.04
2019-09-09,26.96,60.48,7.06,0.0
2019-09-10,30.14,58.47,7.22,0.0
2019-09-11,27.98,57.28,12.56,0.0
2019-09-12,27.58,64.25,7.48,0.0
2019-09-13,29.1,62.25,5.75,0.0
2019-09-14,25.28,53.4,14.54,0.0
2019-09-15,28.46,51.29,14.74,0.0
2019-09-16,31.47,62.09,10.53,5.86
2019-09-17,28.47,56.3,13.17,0.0
2019-09-18,26.67,63.99,12.75,0.0
2019-09-19,26.3,67.07,14.41,0.0
2019-09-20,26.38,54.72,14.42,0.0
2019-09-21,26.58,53.76,1.58,0.0
2019-09-22,26.22,72.48,11.04,0.0
2019-09-23,28.7,63.18,14.07,9.83
2019-09-24,23.28,61.53,10.36,5.09
2019-09-25,28.36,55.65,12.14,0.0
2019-09-26,25.77,59.61,15.0,0.0
2019-09-27,27.17,54.76,12.32,0.0
2019-09-28,24.05,68.92,18.03,0.0
2019-09-29,28.85,56.32,16.51,3.6
2019-09-30,28.58,67.69,11.53,0.0
2019-10-01,27.9,59.1,11.21,0.0
2019-10-02,22.84,58.03,1.0,0.0
2019-10-03,27.42,59.21,10.69,0.0
2019-10-04,26.46,46.55,6.59,0.0
2019-10-05,22.33,63.84,12.88,0.0
2019-10-06,25.38,61.87,12.61,0.0
2019-10-07,26.06,67.47,14.78,0.0
2019-10-08,26.33,51.05,17.59,0.0
2019-10-09,25.47,69.81,11.89,0.0
2019-10-10,25.59,67.7,21.12,0.0
2019-10-11,27.85,69.04,12.93,0.0
2019-10-12,27.25,61.55,6.76,0.0
2019-10-13,18.96,72.5,9.75,0.0
2019-10-14,23.96,54.85,10.51,0.0
2019-10-15,24.16,67.84,14.37,0.0
2019-10-16,20.89,60.74,8.21,7.91
2019-10-17,24.48,53.48,10.81,6.67
2019-10-18,26.69,55.43,11.36,0.0
2019-10-19,21.92,64.83,10.21,0.0
2019-10-20,24.67,58.34,15.25,0.0
2019-10-21,22.07,66.97,14.57,0.0
2019-10-22,22.46,53.65,16.67,0.0
2019-10-23,26.66,49.42,10.68,0.0
2019-10-24,22.53,72.69,16.81,7.58
2019-10-25,24.45,68.83,6.54,10.6
2019-10-26,19.69,59.72,6.45,0.0
2019-10-27,27.07,61.94,7.14,4.17
2019-10-28,24.46,69.51,12.04,0.0
2019-10-29,22.8,66.82,16.81,0.0
2019-10-30,24.23,64.41,9.59,0.0
2019-10-31,20.17,72.32,10.09,0.0
2019-11-01,25.28,58.56,11.14,0.0
2019-11-02,22.18,64.84,14.29,0.0
2019-11-03,22.34,64.46,10.09,0.0
2019-11-04,21.68,63.29,9.87,0.0
2019-11-05,21.43,62.73,6.62,0.0
2019-11-06,23.9,64.14,9.71,0.0
2019-11-07,22.95,64.44,16.71,0.0
2019-11-08,23.66,57.54,12.36,0.0
2019-11-09,22.27,69.41,9.04,0.0
2019-11-10,23.24,58.21,16.94,0.0
2019-11-11,21.31,63.82,9.66,0.0
2019-11-12,26.54,60.48,17.68,0.0
2019-11-13,18.87,68.62,17.61,0.0
2019-11-14,24.46,50.68,12.22,0.0
2019-11-15,24.61,68.66,6.01,0.0
2019-11-16,20.11,61.73,21.16,9.83
2019-11-17,26.21,69.75,13.55,0.0
2019-11-18,23.69,60.95,10.7,13.09
2019-11-19,23.58,63.59,15.82,0.0
2019-11-20,21.64,76.43,14.81,0.0
2019-11-21,21.09,63.58,17.24,0.0
2019-11-22,21.06,72.7,9.35,0.0
2019-11-23,22.21,64.87,13.27,0.0
2019-11-24,24.18,66.04,7.26,0.0
2019-11-25,21.69,65.34,14.67,0.0
2019-11-26,19.46,71.23,11.91,0.0
2019-11-27,22.89,60.15,13.12,0.0
2019-11-28,23.04,58.27,11.41,6.82
2019-11-29,22.47,60.66,11.0,0.0
2019-11-30,22.61,65.01,8.53,19.03
2019-12-01,20.54,64.23,15.16,0.0
2019-12-02,19.19,70.56,17.96,5.38
2019-12-03,19.28,74.08,9.77,0.0
2019-12-04,17.71,61.25,14.21,3.52
2019-12-05,21.43,60.66,13.73,0.0
2019-12-06,20.76,56.82,12.03,0.0
2019-12-07,20.02,78.02,5.89,0.0
2019-12-08,14.97,70.45,6.79,0.0
2019-12-09,18.36,69.63,8.88,0.0
2019-12-10,23.08,56.12,3.44,0.0
2019-12-11,19.49,66.12,17.63,0.0
2019-12-12,21.52,68.07,13.47,0.0
2019-12-13,18.0,65.43,11.88,0.0
2019-12-14,23.65,70.3,3.24,0.0
2019-12-15,20.48,79.46,4.7,0.0
2019-12-16,21.33,59.43,11.99,0.0
2019-12-17,25.4,56.75,19.88,0.0
2019-12-18,23.78,58.51,9.21,4.06
2019-12-19,20.13,75.42,15.46,0.0
2019-12-20,19.55,72.35,10.08,0.0
2019-12-21,20.09,64.99,12.22,0.0
2019-12-22,21.76,65.1,16.86,0.0
2019-12-23,20.54,60.65,10.62,0.0
2019-12-24,19.97,71.21,9.24,2.43
2019-12-25,23.7,61.54,17.67,0.0
2019-12-26,20.55,63.99,12.18,0.0
2019-12-27,25.39,66.54,16.36,0.0
2019-12-28,20.98,64.18,9.26,3.06
2019-12-29,24.39,62.03,17.63,0.0
2019-12-30,21.55,65.06,13.09,0.0
2019-12-31,22.78,69.09,13.74,0.0
2020-01-01,19.52,76.0,12.53,0.0
2020-01-02,19.28,69.76,9.98,0.0
2020-01-03,21.94,69.61,11.99,8.91
2020-01-04,23.02,62.99,10.23,13.26
2020-01-05,21.15,60.97,15.84,23.78
2020-01-06,18.53,70.58,11.19,0.0
2020-01-07,18.42,67.75,6.01,0.0
2020-01-08,18.32,58.24,5.28,0.0
2020-01-09,17.68,65.16,5.09,0.73
2020-01-10,21.47,64.54,14.47,0.0
2020-01-11,23.54,60.84,7.39,0.0
2020-01-12,21.31,74.02,13.2,0.0
2020-01-13,16.86,70.46,12.55,0.0
2020-01-14,21.05,73.51,11.74,0.0
2020-01-15,21.15,66.8,13.75,0.0
2020-01-16,25.72,63.19,12.63,0.0
2020-01-17,18.66,60.97,1.16,0.0
2020-01-18,20.85,65.46,10.71,0.0
2020-01-19,25.1,63.13,13.7,0.0
2020-01-20,22.64,56.2,18.56,0.0
2020-01-21,22.93,61.0,18.75,0.0
2020-01-22,22.09,62.76,6.55,0.0
2020-01-23,22.58,66.91,10.6,0.0
2020-01-24,23.54,66.67,5.74,0.0
2020-01-25,20.43,62.13,18.08,0.0
2020-01-26,23.87,66.53,16.05,0.0
2020-01-27,19.44,65.07,13.4,0.0
2020-01-28,22.91,47.03,12.66,23.93
2020-01-29,22.68,61.47,17.52,0.0
2020-01-30,21.16,71.69,16.85,0.0
2020-01-31,22.42,54.43,16.63,0.0
2020-02-01,21.3,65.81,13.83,0.0
2020-02-02,20.48,75.1,10.6,0.0
2020-02-03,21.99,60.19,15.07,0.0
2020-02-04,20.57,65.55,15.26,7.22
2020-02-05,23.5,56.1,11.24,0.0
2020-02-06,20.64,75.26,10.6,0.0
2020-02-07,24.45,62.9,16.53,0.0
2020-02-08,20.74,65.72,18.66,0.0
2020-02-09,22.06,72.84,9.0,0.0
2020-02-10,22.03,68.7,10.95,0.0
2020-02-11,26.02,57.29,13.4,10.67
2020-02-12,24.12,59.7,13.95,32.64
2020-02-13,23.12,67.1,9.91,0.0
2020-02-14,24.64,59.56,19.53,11.39
2020-02-15,19.52,53.41,13.69,13.84
2020-02-16,23.74,63.47,14.13,0.0
2020-02-17,27.91,52.62,19.04,0.0
2020-02-18,24.28,73.19,10.2,0.0
2020-02-19,24.25,64.57,11.65,0.0
2020-02-20,25.31,57.5,6.99,0.0
2020-02-21,26.1,58.3,11.31,10.35
2020-02-22,20.41,54.29,6.04,0.0
2020-02-23,21.14,58.62,14.99,0.0
2020-02-24,25.03,69.18,13.68,0.0
2020-02-25,23.28,77.44,10.89,0.0
2020-02-26,27.44,66.12,11.6,0.0
2020-02-27,24.29,62.94,15.05,0.0
2020-02-28,21.15,62.62,7.46,0.0
2020-02-29,22.59,58.69,12.82,0.0
2020-03-01,19.73,78.36,14.8,0.0
2020-03-02,24.87,62.04,4.87,11.86
2020-03-03,25.07,75.76,14.74,0.0
2020-03-04,24.7,71.62,5.3,0.0
2020-03-05,27.82,51.1,11.53,0.0
2020-03-06,28.17,57.36,7.35,7.3
2020-03-07,25.54,58.79,17.72,0.0
2020-03-08,21.72,64.43,7.37,0.0
2020-03-09,27.33,61.46,5.4,0.0
2020-03-10,27.32,79.8,12.53,0.0
2020-03-11,26.94,55.57,10.35,0.0
2020-03-12,28.39,62.61,5.98,10.19
2020-03-13,24.21,67.23,14.1,0.0
2020-03-14,30.67,59.97,4.03,8.63
2020-03-15,24.84,63.85,7.86,0.0
2020-03-16,28.37,54.98,9.7,0.0
2020-03-17,23.61,64.5,15.21,0.0
2020-03-18,25.24,66.04,17.18,0.0
2020-03-19,30.24,62.18,16.41,0.0
2020-03-20,26.8,65.53,11.39,0.0
2020-03-21,29.11,69.31,2.29,0.0
2020-03-22,28.02,67.06,13.56,0.0
2020-03-23,27.45,62.18,17.88,0.0
2020-03-24,30.49,53.05,16.94,0.0
2020-03-25,27.41,58.18,13.85,0.0
2020-03-26,24.43,62.1,7.24,13.36
2020-03-27,26.49,63.79,9.9,2.14
2020-03-28,29.31,57.86,19.74,0.0
2020-03-29,29.11,55.22,6.33,0.0
2020-03-30,25.3,55.81,7.41,5.73
2020-03-31,27.09,52.04,15.77,0.0
2020-04-01,27.49,60.32,10.28,0.0
2020-04-02,28.03,52.62,7.27,0.0
2020-04-03,26.12,56.48,18.11,6.07
2020-04-04,27.72,59.24,13.84,0.0
2020-04-05,27.63,53.64,10.47,5.8
2020-04-06,30.74,62.22,7.42,0.0
2020-04-07,30.92,64.29,20.19,5.11
2020-04-08,29.12,57.54,11.9,0.0
2020-04-09,28.73,58.43,17.59,0.0
2020-04-10,29.9,63.63,15.57,16.56
2020-04-11,28.09,57.12,9.92,0.0
2020-04-12,27.53,57.01,9.95,0.0
2020-04-13,28.05,68.6,17.79,0.0
2020-04-14,28.76,66.34,17.85,0.0
2020-04-15,27.8,65.17,4.49,0.0
2020-04-16,30.56,65.6,14.2,0.0
2020-04-17,31.79,47.5,11.52,0.0
2020-04-18,27.26,69.98,7.87,0.0
2020-04-19,30.58,62.38,13.05,0.0
2020-04-20,30.18,66.31,6.6,0.0
2020-04-21,31.4,61.9,10.13,9.97
2020-04-22,30.79,60.21,8.81,0.0
2020-04-23,28.0,59.8,10.0,14.52
2020-04-24,28.48,63.39,11.71,0.0
2020-04-25,31.15,57.85,7.94,0.0
2020-04-26,33.24,63.77,18.29,0.0
2020-04-27,26.84,52.57,13.97,2.01
2020-04-28,32.05,55.97,19.18,0.0
2020-04-29,33.83,70.51,11.36,0.0
2020-04-30,31.23,55.92,9.8,0.0
2020-05-01,32.72,57.42,19.03,0.0
2020-05-02,30.3,54.89,9.69,8.71
2020-05-03,31.54,61.52,11.29,12.16
2020-05-04,28.62,56.69,14.88,0.0
2020-05-05,27.25,60.75,7.05,0.0
2020-05-06,33.91,63.29,14.85,0.0
2020-05-07,30.13,56.09,14.33,0.0
2020-05-08,31.26,64.39,17.08,0.0
2020-05-09,29.47,65.57,15.56,0.0
2020-05-10,29.5,66.96,17.2,0.0
2020-05-11,32.04,60.07,11.56,0.0
2020-05-12,31.0,79.25,8.55,10.5
2020-05-13,33.28,64.87,20.44,0.0
2020-05-14,33.5,60.38,5.89,0.0
2020-05-15,33.3,53.28,6.29,0.0
2020-05-16,33.2,58.01,14.26,0.0
2020-05-17,35.94,65.64,18.5,0.0
2020-05-18,30.71,70.22,12.76,0.0
2020-05-19,32.79,67.69,16.0,0.0
2020-05-20,35.22,62.19,4.02,0.0
2020-05-21,35.54,49.77,10.0,0.0
2020-05-22,30.22,63.15,4.5,8.04
2020-05-23,32.49,51.53,15.12,0.0
2020-05-24,35.88,48.19,5.81,0.0
2020-05-25,34.23,59.46,6.89,0.0
2020-05-26,33.65,61.48,14.06,0.0
2020-05-27,32.87,64.19,16.25,11.05
2020-05-28,32.58,61.91,11.36,0.0
2020-05-29,33.96,61.36,14.28,12.06
2020-05-30,32.92,52.83,14.15,0.0
2020-05-31,33.38,57.86,11.14,0.0
2020-06-01,33.66,49.3,7.62,1.03
2020-06-02,32.18,47.13,14.26,10.97
2020-06-03,34.63,62.25,14.45,0.0
2020-06-04,39.42,50.65,15.58,4.01
2020-06-05,30.07,65.55,13.25,0.0
2020-06-06,34.3,64.64,7.33,0.0
2020-06-07,32.15,55.45,14.76,0.0
2020-06-08,34.85,61.22,11.99,0.0
2020-06-09,33.81,54.29,10.07,0.0
2020-06-10,35.26,46.38,10.82,0.0
2020-06-11,36.1,57.73,9.24,0.0
2020-06-12,34.15,55.24,15.56,0.0
2020-06-13,36.05,54.38,6.33,9.69
2020-06-14,29.1,72.69,8.03,0.0
2020-06-15,36.98,47.35,10.68,0.0
2020-06-16,34.56,60.14,18.46,0.0
2020-06-17,35.97,51.1,16.22,3.93
2020-06-18,31.38,65.04,5.44,0.0
2020-06-19,32.16,60.95,17.41,0.0
2020-06-20,34.11,60.36,17.4,0.0
2020-06-21,33.78,52.6,7.3,4.3
2020-06-22,34.38,53.35,1.91,0.0
2020-06-23,35.98,62.63,11.71,0.0
2020-06-24,30.27,70.83,16.49,0.0
2020-06-25,35.74,60.08,18.37,2.6
2020-06-26,33.79,52.88,8.52,16.47
2020-06-27,33.36,60.54,19.01,0.0
2020-06-28,30.81,74.47,3.09,0.0
2020-06-29,34.74,58.36,10.53,0.0
2020-06-30,28.88,69.74,10.33,0.0
2020-07-01,34.99,53.17,16.61,0.0
2020-07-02,30.68,59.72,17.19,19.96
2020-07-03,33.75,62.01,15.82,0.0
2020-07-04,33.38,60.88,6.6,0.0
2020-07-05,35.92,52.49,15.45,0.0
2020-07-06,33.2,53.73,14.04,0.0
2020-07-07,32.13,65.11,5.32,2.31
2020-07-08,32.47,66.14,3.73,10.97
2020-07-09,36.0,66.12,16.15,0.0
2020-07-10,34.49,68.71,11.28,18.99
2020-07-11,32.6,59.73,6.86,5.1
2020-07-12,32.86,56.91,11.17,0.0
2020-07-13,30.15,68.37,13.46,0.0
2020-07-14,34.02,62.42,11.67,0.0
2020-07-15,29.68,54.63,5.79,0.0
2020-07-16,34.65,51.59,19.54,5.17
2020-07-17,33.35,61.46,16.02,0.0
2020-07-18,37.82,54.99,10.66,0.0
2020-07-19,30.79,59.76,10.82,10.84
2020-07-20,32.73,65.28,13.44,0.0
2020-07-21,36.47,61.34,7.48,0.0
2020-07-22,35.2,65.47,13.29,0.0
2020-07-23,31.37,48.01,6.68,0.0
2020-07-24,33.14,60.14,11.72,0.0
2020-07-25,32.64,63.07,7.33,0.0
2020-07-26,33.13,49.47,7.53,6.06
2020-07-27,31.1,55.81,18.58,0.0
2020-07-28,32.25,54.07,12.24,0.0
2020-07-29,29.17,60.94,12.83,0.0
2020-07-30,32.56,68.71,3.95,0.0
2020-07-31,33.12,70.77,9.61,0.0
2020-08-01,31.69,54.53,13.84,12.1
2020-08-02,28.84,64.15,12.78,0.0
2020-08-03,33.97,61.52,3.38,0.0
2020-08-04,32.64,61.22,12.83,0.0
2020-08-05,30.38,62.53,13.47,0.0
2020-08-06,31.19,61.52,17.14,0.0
2020-08-07,28.67,71.21,9.38,0.0
2020-08-08,29.54,67.22,3.03,4.19
2020-08-09,30.43,53.75,8.01,0.0
2020-08-10,33.87,62.99,7.61,0.0
2020-08-11,30.05,65.68,14.95,0.0
2020-08-12,32.52,60.85,1.13,1.48
2020-08-13,30.07,67.1,10.21,0.0
2020-08-14,31.55,60.62,17.7,0.0
2020-08-15,30.68,61.18,12.03,0.0
2020-08-16,32.62,59.64,15.59,0.0
2020-08-17,29.71,48.4,5.43,18.32
2020-08-18,27.54,61.22,5.59,0.0
2020-08-19,27.82,57.54,17.75,0.0
2020-08-20,29.43,53.55,12.4,0.0
2020-08-21,27.89,70.11,12.41,0.0
2020-08-22,31.11,62.76,7.53,9.79
2020-08-23,29.26,60.58,12.4,0.0
2020-08-24,34.84,54.3,7.42,0.0
2020-08-25,26.52,64.04,16.75,0.0
2020-08-26,30.3,66.14,22.91,0.0
2020-08-27,27.53,56.75,13.94,0.0
2020-08-28,28.7,61.04,9.46,0.0
2020-08-29,29.86,65.63,1.87,0.0
2020-08-30,24.82,51.58,5.26,22.7
2020-08-31,29.84,60.09,18.22,6.43
2020-09-01,33.07,56.09,7.88,0.0
2020-09-02,28.25,60.51,10.52,25.52
2020-09-03,29.57,57.58,14.62,0.0
2020-09-04,30.99,60.63,17.93,44.53
2020-09-05,28.5,72.72,11.2,32.89
2020-09-06,27.56,59.75,10.38,0.0
2020-09-07,24.06,65.37,12.29,0.0
2020-09-08,29.78,72.44,9.49,0.0
2020-09-09,28.16,58.06,9.7,0.0
2020-09-10,26.26,73.3,13.65,0.0
2020-09-11,28.42,61.25,12.74,0.0
2020-09-12,26.89,72.75,20.53,16.32
2020-09-13,26.89,66.56,13.76,0.0
2020-09-14,29.05,62.72,16.6,0.0
2020-09-15,25.05,62.68,7.71,0.0
2020-09-16,29.71,56.77,14.1,0.0
2020-09-17,24.71,63.72,9.11,0.0
2020-09-18,26.06,67.9,13.58,0.0
2020-09-19,31.12,59.65,14.75,0.0
2020-09-20,29.42,58.77,12.2,0.0
2020-09-21,27.25,60.36,21.63,0.0
2020-09-22,25.06,69.02,17.71,0.0
2020-09-23,25.77,70.03,16.71,12.9
2020-09-24,26.87,58.07,15.06,0.0
2020-09-25,26.68,58.16,19.05,9.6
2020-09-26,26.32,64.65,6.25,0.0
2020-09-27,26.33,71.54,17.48,0.0
2020-09-28,25.85,69.51,8.04,3.98
2020-09-29,23.28,56.53,9.74,6.14
2020-09-30,25.02,61.5,14.25,0.0
2020-10-01,27.78,55.99,16.93,0.0
2020-10-02,23.1,62.54,7.39,0.0
2020-10-03,25.35,72.53,9.95,23.3
2020-10-04,23.98,55.12,12.39,0.0
2020-10-05,25.74,52.98,11.25,0.0
2020-10-06,24.63,58.33,15.42,0.0
2020-10-07,28.25,63.03,25.74,18.68
2020-10-08,26.21,66.16,13.68,0.0
2020-10-09,22.46,67.12,9.06,0.0
2020-10-10,26.33,69.42,6.81,0.0
2020-10-11,23.33,53.44,10.7,0.0
2020-10-12,23.62,70.99,8.24,0.0
2020-10-13,25.3,61.06,13.87,0.0
2020-10-14,23.59,68.27,13.81,6.67
2020-10-15,26.26,54.47,10.15,5.64
2020-10-16,22.82,64.33,19.94,0.0
2020-10-17,23.03,65.6,9.06,6.17
2020-10-18,22.86,71.21,11.52,0.0
2020-10-19,22.94,54.72,14.56,0.0
2020-10-20,26.18,62.64,15.57,0.0
2020-10-21,25.14,56.51,17.11,8.82
2020-10-22,27.21,64.92,13.71,10.91
2020-10-23,28.23,65.99,16.2,0.0
2020-10-24,21.54,72.72,9.34,0.0
2020-10-25,23.65,60.63,15.67,1.19
2020-10-26,21.07,70.82,15.62,0.0
2020-10-27,21.78,73.04,18.05,1.08
2020-10-28,21.99,54.9,5.33,10.04
2020-10-29,21.05,68.95,8.37,0.0
2020-10-30,20.97,71.07,15.29,0.0
2020-10-31,22.7,62.81,1.39,0.0
2020-11-01,20.47,58.32,13.97,0.0
2020-11-02,24.51,69.03,16.24,0.0
2020-11-03,20.91,58.15,9.69,12.55
2020-11-04,28.29,60.22,10.28,0.0
2020-11-05,21.69,64.68,7.7,4.88
2020-11-06,22.66,68.68,9.91,0.0
2020-11-07,19.85,62.17,10.03,0.0
2020-11-08,25.78,58.56,9.27,0.0
2020-11-09,24.53,63.95,9.05,11.34
2020-11-10,22.82,70.34,10.92,0.0
2020-11-11,19.46,79.87,10.87,0.0
2020-11-12,22.51,55.42,19.5,0.0
2020-11-13,19.78,67.86,10.42,0.0
2020-11-14,24.88,56.64,13.38,0.0
2020-11-15,23.51,70.03,9.69,0.0
2020-11-16,22.03,59.1,9.64,0.0
2020-11-17,16.9,63.51,5.18,0.0
2020-11-18,19.75,62.45,5.71,0.0
2020-11-19,23.04,63.72,7.17,0.0
2020-11-20,24.03,65.57,12.73,0.0
2020-11-21,23.77,66.68,16.3,0.0
2020-11-22,18.32,66.74,4.85,0.0
2020-11-23,22.06,56.74,9.8,0.0
2020-11-24,23.44,68.32,6.53,0.0
2020-11-25,18.05,66.61,10.94,0.0
2020-11-26,21.3,72.1,16.3,0.0
2020-11-27,21.83,60.6,10.21,0.0
2020-11-28,20.64,55.89,11.81,0.0
2020-11-29,17.49,67.02,17.82,0.0
2020-11-30,20.51,73.34,13.83,0.0
2020-12-01,20.47,66.56,8.96,9.95
2020-12-02,20.8,64.21,12.64,0.0
2020-12-03,19.94,60.66,8.69,0.0
2020-12-04,20.15,76.32,13.68,0.0
2020-12-05,20.93,59.16,14.06,0.0
2020-12-06,21.87,60.47,6.53,0.0
2020-12-07,20.35,69.08,12.7,0.0
2020-12-08,20.12,54.65,11.53,0.0
2020-12-09,21.1,72.89,14.18,6.8
2020-12-10,17.05,71.21,15.33,3.63
2020-12-11,21.83,70.24,13.91,13.16
2020-12-12,20.87,68.72,10.79,0.0
2020-12-13,20.93,64.37,15.73,0.0
2020-12-14,22.76,57.95,8.51,0.0
2020-12-15,16.93,66.7,6.72,0.0
2020-12-16,16.88,61.71,1.0,1.46
2020-12-17,21.37,68.01,11.72,0.0
2020-12-18,20.81,70.25,8.71,2.35
2020-12-19,21.16,74.07,13.59,2.0
2020-12-20,19.9,68.14,4.12,20.46
2020-12-21,22.15,70.21,9.41,0.0
2020-12-22,22.69,62.59,13.88,0.0
2020-12-23,21.8,61.99,7.88,0.0
2020-12-24,20.32,68.51,13.64,9.39
2020-12-25,16.64,65.38,9.77,0.0
2020-12-26,22.41,66.14,11.87,0.0
2020-12-27,23.33,57.65,14.38,0.0
2020-12-28,22.19,59.36,15.81,4.68
2020-12-29,19.16,70.13,12.37,0.0
2020-12-30,22.28,69.91,8.74,0.0
2020-12-31,22.68,58.46,10.17,0.0
2021-01-01,24.16,67.58,14.55,0.0
2021-01-02,19.32,63.03,7.91,0.0
2021-01-03,20.64,65.6,11.29,0.0
2021-01-04,22.62,72.91,10.46,1.39
2021-01-05,21.27,70.0,11.59,18.9
2021-01-06,18.95,71.2,7.96,0.0
2021-01-07,22.05,76.18,4.59,27.41
2021-01-08,22.41,60.3,14.08,0.0
2021-01-09,21.47,59.13,15.86,0.0
2021-01-10,21.77,60.54,4.83,0.0
2021-01-11,20.86,63.85,13.48,9.1
2021-01-12,24.37,49.32,16.33,0.0
2021-01-13,19.66,64.79,14.38,0.0
2021-01-14,20.33,62.4,10.33,0.0
2021-01-15,21.58,69.69,8.23,0.0
2021-01-16,23.36,66.12,12.32,0.0
2021-01-17,18.66,62.98,12.99,0.0
2021-01-18,19.09,69.89,12.38,0.0
2021-01-19,17.69,71.46,11.28,0.0
2021-01-20,21.89,60.2,7.67,1.78
2021-01-21,19.64,63.09,13.69,0.0
2021-01-22,21.17,51.85,13.88,0.0
2021-01-23,23.32,57.48,12.8,2.42
2021-01-24,20.78,60.97,12.44,0.0
2021-01-25,22.59,64.87,18.72,0.0
2021-01-26,21.59,59.3,9.5,4.89
2021-01-27,23.61,60.79,17.13,0.0
2021-01-28,23.28,56.69,9.06,0.0
2021-01-29,21.02,66.32,16.44,4.4
2021-01-30,22.14,67.23,16.93,0.0
2021-01-31,24.63,65.72,10.83,0.0
2021-02-01,23.41,64.05,18.64,0.0
2021-02-02,19.9,56.66,13.88,0.0
2021-02-03,24.09,59.88,8.49,0.0
2021-02-04,20.69,63.03,10.5,0.0
2021-02-05,25.76,60.26,16.53,0.0
2021-02-06,25.07,63.51,15.69,0.0
2021-02-07,23.68,72.38,7.77,0.0
2021-02-08,23.5,68.8,11.44,0.0
2021-02-09,22.85,58.36,12.81,0.0
2021-02-10,24.72,67.33,9.97,0.0
2021-02-11,22.71,68.2,21.43,4.39
2021-02-12,24.01,58.81,12.93,0.0
2021-02-13,25.37,67.99,11.75,0.0
2021-02-14,22.6,63.46,16.76,0.0
2021-02-15,22.58,55.97,10.54,0.0
2021-02-16,21.52,67.75,16.03,0.0
2021-02-17,21.87,66.12,5.33,0.0
2021-02-18,20.44,64.24,10.19,0.0
2021-02-19,25.65,62.52,16.2,0.0
2021-02-20,27.91,57.19,18.28,2.22
2021-02-21,27.24,65.53,8.91,19.52
2021-02-22,21.24,64.91,8.44,0.0
2021-02-23,26.04,63.53,14.27,0.0
2021-02-24,27.53,63.85,9.51,8.97
2021-02-25,23.88,56.79,10.93,1.35
2021-02-26,25.1,57.68,15.51,0.0
2021-02-27,20.98,52.05,9.82,0.0
2021-02-28,25.64,66.14,4.14,0.0
2021-03-01,23.08,56.88,6.8,0.0
2021-03-02,25.71,63.5,12.04,0.0
2021-03-03,22.3,66.81,4.55,0.0
2021-03-04,26.61,65.83,10.81,0.0
2021-03-05,27.68,54.4,6.43,4.32
2021-03-06,24.17,63.16,18.56,0.0
2021-03-07,23.58,73.9,20.66,13.67
2021-03-08,21.65,75.23,7.77,2.88
2021-03-09,25.53,68.73,13.03,11.22
2021-03-10,25.01,65.12,8.16,11.27
2021-03-11,23.19,58.07,10.76,0.0
2021-03-12,27.3,66.14,19.21,0.0
2021-03-13,25.61,61.82,10.13,0.0
2021-03-14,24.47,66.76,10.86,0.0
2021-03-15,25.62,58.96,8.23,0.0
2021-03-16,28.98,59.87,16.58,0.0
2021-03-17,28.16,62.35,1.0,0.0
2021-03-18,26.8,63.59,10.23,0.0
2021-03-19,28.41,64.18,11.82,0.0
2021-03-20,24.97,59.64,9.36,0.0
2021-03-21,27.46,53.68,15.45,0.0
2021-03-22,27.81,71.31,16.81,0.0
2021-03-23,26.68,77.11,6.35,0.0
2021-03-24,28.61,63.8,20.37,0.0
2021-03-25,26.29,54.45,6.31,3.44
2021-03-26,28.98,56.27,17.15,0.0
2021-03-27,29.17,63.86,12.6,0.0
2021-03-28,22.35,72.61,9.99,0.0
2021-03-29,30.67,52.7,10.36,0.0
2021-03-30,22.31,63.84,11.87,12.57
2021-03-31,27.28,63.02,12.83,0.0
2021-04-01,30.67,65.17,8.32,4.94
2021-04-02,28.1,59.33,11.06,0.0
2021-04-03,25.91,53.22,8.92,0.0
2021-04-04,26.76,65.86,7.14,0.0
2021-04-05,31.11,66.49,8.73,0.0
2021-04-06,25.32,62.43,7.4,6.04
2021-04-07,31.53,61.94,10.32,0.0
2021-04-08,29.27,57.9,13.73,0.0
2021-04-09,27.1,56.87,12.48,0.0
2021-04-10,28.43,67.37,19.9,9.68
2021-04-11,27.66,63.96,3.16,0.0
2021-04-12,31.53,62.45,13.88,20.52
2021-04-13,31.37,68.61,12.03,0.0
2021-04-14,26.57,55.91,15.26,0.0
2021-04-15,29.3,57.42,14.87,0.0
2021-04-16,28.48,62.13,11.34,0.0
2021-04-17,32.9,55.37,12.69,0.0
2021-04-18,27.71,66.31,9.02,0.0
2021-04-19,33.72,57.18,14.45,0.0
2021-04-20,30.54,54.1,4.48,0.0
2021-04-21,28.38,61.64,15.11,0.0
2021-04-22,29.45,61.68,11.91,0.0
2021-04-23,29.29,66.35,10.05,0.0
2021-04-24,28.44,63.57,11.07,11.76
2021-04-25,31.27,62.42,11.36,2.37
2021-04-26,28.72,62.98,17.19,0.0
2021-04-27,26.9,60.92,24.93,0.0
2021-04-28,30.59,55.73,16.88,3.58
2021-04-29,27.84,63.27,9.74,0.0
2021-04-30,30.02,58.34,14.52,0.0
2021-05-01,29.8,70.6,14.69,0.0
2021-05-02,29.96,68.43,8.3,0.0
2021-05-03,35.78,60.97,6.96,0.0
2021-05-04,31.98,61.53,11.75,0.0
2021-05-05,32.43,58.48,15.23,0.0
2021-05-06,28.47,53.62,5.55,18.79
2021-05-07,30.79,58.62,9.12,0.0
2021-05-08,32.61,59.52,14.29,0.0
2021-05-09,30.2,61.61,12.17,6.08
2021-05-10,34.14,60.89,17.67,3.07
2021-05-11,29.99,65.88,6.35,0.0
2021-05-12,31.9,55.15,21.41,0.0
2021-05-13,31.37,55.5,5.85,0.0
2021-05-14,32.94,67.44,3.88,0.0
2021-05-15,31.39,64.21,11.76,0.0
2021-05-16,32.2,56.8,7.46,0.0
2021-05-17,32.33,58.43,11.84,12.63
2021-05-18,31.39,58.97,11.71,0.0
2021-05-19,33.89,58.4,11.22,0.0
2021-05-20,33.46,61.29,8.63,0.0
2021-05-21,32.86,73.99,13.73,0.0
2021-05-22,32.23,60.26,10.73,14.25
2021-05-23,34.74,61.72,16.41,0.44
2021-05-24,32.72,48.73,11.28,0.0
2021-05-25,32.63,55.99,8.14,0.0
2021-05-26,33.5,65.8,5.25,0.0
2021-05-27,36.73,59.06,11.31,0.0
2021-05-28,30.7,33.63,6.92,0.0
2021-05-29,34.97,61.66,6.6,0.0
2021-05-30,29.68,72.03,14.11,0.0
2021-05-31,33.94,46.21,4.89,0.0
2021-06-01,36.69,65.78,17.65,0.0
2021-06-02,34.56,41.21,12.64,8.42
2021-06-03,33.96,63.8,11.82,0.0
2021-06-04,32.52,58.91,7.86,0.0
2021-06-05,33.74,44.19,15.06,3.59
2021-06-06,33.2,61.27,11.99,0.0
2021-06-07,32.16,66.07,9.26,0.0
2021-06-08,33.17,60.79,12.8,0.0
2021-06-09,34.17,61.56,5.27,0.0
2021-06-10,32.26,56.63,5.46,0.0
2021-06-11,32.2,47.97,7.52,0.0
2021-06-12,31.11,63.89,13.4,0.0
2021-06-13,34.63,68.3,11.99,0.0
2021-06-14,34.95,64.4,16.2,0.0
2021-06-15,34.34,46.04,8.32,0.0
2021-06-16,35.81,48.06,14.3,0.0
2021-06-17,34.07,53.04,11.54,0.0
2021-06-18,34.68,48.22,8.23,0.0
2021-06-19,34.51,58.14,13.54,10.57
2021-06-20,33.72,60.67,11.74,0.0
2021-06-21,32.84,50.21,9.48,0.0
2021-06-22,38.33,60.43,12.17,0.0
2021-06-23,32.99,62.31,11.48,0.0
2021-06-24,32.56,55.66,11.39,0.0
2021-06-25,34.75,56.7,10.35,0.0
2021-06-26,34.37,46.25,6.78,0.0
2021-06-27,31.05,57.78,12.3,0.0
2021-06-28,36.09,57.05,8.79,0.0
2021-06-29,33.64,59.36,7.92,0.0
2021-06-30,31.59,61.75,11.04,0.0
2021-07-01,36.17,58.42,14.94,0.0
2021-07-02,35.02,56.0,12.74,23.11
2021-07-03,31.22,61.4,9.88,0.0
2021-07-04,37.28,62.36,9.71,0.0
2021-07-05,35.01,57.02,14.54,0.0
2021-07-06,33.64,60.25,2.41,0.0
2021-07-07,36.81,55.49,15.19,0.0
2021-07-08,33.92,54.31,4.5,0.0
2021-07-09,33.51,61.56,6.34,13.6
2021-07-10,32.21,55.8,9.94,8.9
2021-07-11,34.66,60.11,20.68,0.0
2021-07-12,34.41,58.1,18.71,0.0
2021-07-13,33.44,56.63,14.83,4.71
2021-07-14,31.79,57.4,13.43,10.31
2021-07-15,33.58,55.33,4.55,0.0
2021-07-16,33.14,48.75,12.63,0.0
2021-07-17,30.56,62.34,9.8,2.75
2021-07-18,30.23,61.61,8.73,0.0
2021-07-19,34.25,63.11,12.62,0.0
2021-07-20,27.87,58.33,10.12,0.0
2021-07-21,33.43,69.84,15.48,18.42
2021-07-22,32.0,56.97,4.26,0.0
2021-07-23,35.52,52.07,12.3,12.97
2021-07-24,31.85,53.37,8.48,0.0
2021-07-25,34.1,47.69,10.36,12.68
2021-07-26,31.92,68.49,13.22,0.0
2021-07-27,32.88,66.99,7.53,7.94
2021-07-28,34.05,61.72,12.66,0.0
2021-07-29,31.59,54.1,11.15,1.29
2021-07-30,34.44,68.78,9.36,0.0
2021-07-31,30.38,58.03,10.12,0.0
2021-08-01,32.89,57.15,11.38,19.71
2021-08-02,34.07,66.73,8.93,0.0
2021-08-03,33.47,62.4,12.03,0.0
2021-08-04,35.91,70.31,10.89,10.68
2021-08-05,30.47,61.59,9.55,9.78
2021-08-06,29.16,58.43,18.36,0.0
2021-08-07,29.84,56.76,13.66,14.34
2021-08-08,33.07,47.58,10.47,0.0
2021-08-09,32.66,57.21,12.58,0.0
2021-08-10,31.79,66.24,7.89,0.0
2021-08-11,29.25,64.36,10.25,0.0
2021-08-12,32.94,58.85,10.72,0.0
2021-08-13,28.87,55.0,7.01,0.0
2021-08-14,33.55,59.76,13.55,0.0
2021-08-15,36.85,62.66,9.98,0.0
2021-08-16,31.78,61.96,10.58,10.64
2021-08-17,32.12,60.18,9.73,0.0
2021-08-18,29.87,55.64,23.84,0.0
2021-08-19,27.14,67.12,9.35,0.0
2021-08-20,29.46,41.85,3.73,0.0
2021-08-21,28.39,63.54,5.6,0.0
2021-08-22,27.58,77.1,15.04,0.0
2021-08-23,33.82,49.2,17.35,0.0
2021-08-24,30.82,58.45,9.27,2.41
2021-08-25,30.93,59.79,17.12,0.0
2021-08-26,29.45,57.87,14.97,10.0
2021-08-27,29.62,66.78,11.24,0.0
2021-08-28,31.8,62.2,10.96,0.0
2021-08-29,29.7,61.43,12.72,0.0
2021-08-30,30.72,64.74,15.51,0.0
2021-08-31,29.16,60.91,13.59,0.0
2021-09-01,28.76,80.11,9.29,0.0
2021-09-02,26.53,63.17,11.3,0.0
2021-09-03,25.28,64.12,19.93,0.0
2021-09-04,28.6,50.86,13.0,0.0
2021-09-05,29.13,57.57,15.48,10.8
2021-09-06,26.34,69.25,14.16,14.99
2021-09-07,28.73,53.03,13.09,6.38
2021-09-08,28.8,48.07,12.43,0.0
2021-09-09,24.27,63.7,15.59,5.26
2021-09-10,26.64,70.42,14.87,0.0
2021-09-11,29.18,61.06,13.06,0.0
2021-09-12,29.02,58.87,9.22,0.0
2021-09-13,25.83,51.49,13.54,0.0
2021-09-14,28.34,63.97,11.73,0.0
2021-09-15,29.96,64.34,10.77,0.0
2021-09-16,29.36,50.01,22.72,0.0
2021-09-17,27.5,68.53,5.84,19.66
2021-09-18,26.65,66.79,15.83,0.0
2021-09-19,26.21,69.23,8.55,1.63
2021-09-20,28.29,64.79,12.52,15.57
2021-09-21,27.64,65.57,22.27,0.0
2021-09-22,28.39,64.36,8.15,0.0
2021-09-23,27.29,67.05,9.1,0.0
2021-09-24,28.55,50.24,11.93,4.38
2021-09-25,26.99,53.0,8.61,0.0
2021-09-26,28.26,56.89,15.54,15.96
2021-09-27,28.32,60.5,9.86,0.0
2021-09-28,24.86,65.51,14.62,0.0
2021-09-29,22.74,66.29,6.68,0.0
2021-09-30,29.33,67.42,4.77,0.0
2021-10-01,26.65,69.08,11.08,4.22
2021-10-02,22.6,59.19,5.73,11.24
2021-10-03,24.49,64.81,18.07,27.14
2021-10-04,27.35,56.72,5.88,0.0
2021-10-05,25.14,61.89,7.85,0.0
2021-10-06,24.57,65.27,13.65,0.0
2021-10-07,28.29,40.84,9.65,0.0
2021-10-08,23.28,78.51,5.93,0.0
2021-10-09,23.68,67.23,20.16,15.17
2021-10-10,25.59,59.2,7.99,4.02
2021-10-11,25.84,74.2,11.21,0.0
2021-10-12,25.95,60.49,11.16,21.19
2021-10-13,26.68,62.97,14.84,0.0
2021-10-14,25.15,60.09,13.85,0.0
2021-10-15,25.63,72.67,8.69,0.0
2021-10-16,24.03,63.0,10.7,0.0
2021-10-17,24.58,64.23,11.09,0.0
2021-10-18,24.57,70.56,15.0,4.28
2021-10-19,24.68,66.78,7.33,0.0
2021-10-20,25.7,62.39,20.07,0.0
2021-10-21,25.17,69.67,8.96,0.76
2021-10-22,24.05,78.85,11.97,4.4
2021-10-23,22.25,66.52,7.36,15.29
2021-10-24,23.91,64.4,6.81,14.7
2021-10-25,23.63,64.88,8.5,3.84
2021-10-26,23.98,71.52,8.12,12.4
2021-10-27,27.92,57.9,10.34,0.0
2021-10-28,22.37,62.88,8.08,0.0
2021-10-29,24.17,54.33,14.78,0.0
2021-10-30,25.38,55.79,8.87,0.0
2021-10-31,23.35,60.9,8.42,0.0
2021-11-01,27.75,61.25,10.43,0.0
2021-11-02,22.23,75.24,15.97,0.0
2021-11-03,23.55,67.11,12.86,0.0
2021-11-04,21.23,59.7,11.6,0.0
2021-11-05,22.04,60.36,6.27,0.0
2021-11-06,23.17,72.36,7.43,0.0
2021-11-07,24.29,70.25,6.89,7.51
2021-11-08,23.16,64.28,17.23,1.5
2021-11-09,24.96,60.46,14.12,0.0
2021-11-10,22.18,71.4,8.55,10.02
2021-11-11,21.64,58.99,9.74,8.41
2021-11-12,27.64,64.0,8.7,0.46
2021-11-13,22.96,77.86,8.46,0.0
2021-11-14,20.66,66.72,13.84,0.0
2021-11-15,20.65,60.84,10.85,0.0
2021-11-16,20.09,68.26,20.32,0.0
2021-11-17,23.79,60.95,17.0,0.0
2021-11-18,21.13,56.87,17.24,0.0
2021-11-19,22.05,68.93,14.69,0.0
2021-11-20,21.62,71.67,10.31,0.0
2021-11-21,23.15,62.25,14.39,21.55
2021-11-22,19.94,63.62,10.6,0.0
2021-11-23,19.43,60.39,18.52,11.38
2021-11-24,21.98,63.86,13.62,0.0
2021-11-25,22.69,61.0,13.05,0.0
2021-11-26,22.11,58.62,12.51,0.0
2021-11-27,19.78,77.32,18.96,0.0
2021-11-28,22.71,67.16,6.26,0.0
2021-11-29,19.83,69.38,19.35,0.0
2021-11-30,20.24,71.02,11.26,0.0
2021-12-01,19.35,70.83,6.38,0.0
2021-12-02,23.81,61.28,8.99,0.0
2021-12-03,22.44,66.14,5.4,0.0
2021-12-04,22.35,62.94,14.61,1.58
2021-12-05,23.61,66.5,7.85,0.0
2021-12-06,26.71,64.21,12.67,0.0
2021-12-07,17.64,64.85,16.54,0.0
2021-12-08,19.56,58.12,9.31,0.0
2021-12-09,19.78,66.85,10.93,0.0
2021-12-10,19.29,65.01,6.79,0.0
2021-12-11,18.82,55.16,10.45,0.0
2021-12-12,20.36,68.7,22.3,0.0
2021-12-13,18.51,72.46,15.11,0.0
2021-12-14,21.6,80.14,10.94,3.51
2021-12-15,21.03,62.94,9.55,15.02
2021-12-16,21.88,61.59,11.83,0.0
2021-12-17,21.92,58.14,12.52,2.21
2021-12-18,22.11,65.94,10.32,0.0
2021-12-19,20.15,66.98,14.12,0.0
2021-12-20,25.14,58.15,8.19,0.0
2021-12-21,21.37,64.05,8.17,0.0
2021-12-22,17.18,55.53,13.48,0.0
2021-12-23,18.9,72.01,7.33,0.0
2021-12-24,17.43,62.64,14.92,0.0
2021-12-25,20.96,65.11,11.94,10.36
2021-12-26,20.69,56.91,4.69,0.0
2021-12-27,20.01,62.35,12.44,6.09
2021-12-28,24.98,61.43,5.26,0.0
2021-12-29,22.08,64.64,14.77,9.58
2021-12-30,22.45,67.38,11.01,0.0
2021-12-31,19.16,74.95,19.4,0.0
2022-01-01,19.13,70.73,16.29,0.0
2022-01-02,21.22,70.95,7.76,0.0
2022-01-03,21.52,73.69,3.92,0.0
2022-01-04,17.49,70.65,8.98,0.0
2022-01-05,20.87,65.15,7.11,0.0
2022-01-06,21.29,71.19,19.3,0.0
2022-01-07,20.87,71.81,11.96,0.0
2022-01-08,19.71,69.9,15.73,0.0
2022-01-09,20.29,56.96,10.86,0.0
2022-01-10,21.06,60.22,11.28,0.0
2022-01-11,21.63,63.3,11.87,0.0
2022-01-12,22.71,69.04,16.43,0.0
2022-01-13,23.7,63.69,13.25,0.0
2022-01-14,21.0,72.12,7.77,0.0
2022-01-15,20.72,73.34,18.49,0.0
2022-01-16,22.56,71.64,10.83,0.0
2022-01-17,22.96,71.46,10.18,0.0
2022-01-18,20.92,59.12,1.0,28.54
2022-01-19,23.42,66.86,14.54,0.0
2022-01-20,23.86,60.08,12.4,0.0
2022-01-21,24.54,53.46,12.4,0.0
2022-01-22,25.58,61.06,10.39,0.0
2022-01-23,20.35,73.61,9.7,0.0
2022-01-24,22.17,67.42,10.52,0.0
2022-01-25,22.23,76.73,13.85,0.0
2022-01-26,22.08,65.77,14.56,0.0
2022-01-27,21.04,79.96,11.08,0.0
2022-01-28,19.44,67.22,15.8,0.0
2022-01-29,22.67,64.52,11.68,4.1
2022-01-30,21.02,57.61,9.98,0.0
2022-01-31,22.8,70.97,12.79,6.76
2022-02-01,21.11,62.22,6.56,0.0
2022-02-02,20.58,61.65,12.93,0.0
2022-02-03,23.33,71.71,5.83,0.0
2022-02-04,23.24,71.02,7.89,0.0
2022-02-05,24.18,70.35,3.93,0.0
2022-02-06,27.47,59.57,11.3,3.25
2022-02-07,23.74,63.49,18.44,0.0
2022-02-08,24.24,63.16,11.53,3.78
2022-02-09,21.2,69.89,14.57,0.0
2022-02-10,20.87,74.7,21.41,0.0
2022-02-11,26.69,64.38,13.62,0.0
2022-02-12,21.77,76.73,8.94,0.0
2022-02-13,21.62,70.34,9.49,0.0
2022-02-14,23.72,62.39,12.0,0.0
2022-02-15,23.71,68.78,9.47,10.7
2022-02-16,22.18,74.89,9.77,0.0
2022-02-17,23.47,75.93,15.94,0.0
2022-02-18,26.63,69.32,16.1,0.0
2022-02-19,22.66,64.54,5.41,3.3
2022-02-20,21.58,63.68,8.73,0.0
2022-02-21,26.35,65.81,10.14,0.0
2022-02-22,25.55,72.84,14.4,0.0
2022-02-23,23.43,66.57,16.57,0.0
2022-02-24,21.61,67.69,22.81,2.04
2022-02-25,23.38,64.3,10.14,0.0
2022-02-26,24.87,61.21,10.34,0.0
2022-02-27,27.41,60.8,14.35,2.13
2022-02-28,23.11,64.95,9.27,0.0
2022-03-01,25.12,73.34,11.44,0.0
2022-03-02,26.74,60.7,10.34,0.0
2022-03-03,20.74,65.76,1.51,4.98
2022-03-04,27.67,56.44,12.49,3.25
2022-03-05,23.35,68.31,11.27,0.0
2022-03-06,26.49,70.48,17.08,0.0
2022-03-07,26.42,72.06,12.02,0.0
2022-03-08,28.21,62.56,6.98,0.0
2022-03-09,27.25,65.31,10.97,0.0
2022-03-10,21.5,64.1,3.64,0.0
2022-03-11,24.8,66.38,7.16,0.0
2022-03-12,26.75,64.02,14.54,4.97
2022-03-13,26.2,62.79,11.01,0.0
2022-03-14,27.65,62.47,15.69,5.47
2022-03-15,28.39,63.95,4.13,0.0
2022-03-16,28.14,59.61,11.03,0.0
2022-03-17,26.6,60.76,10.1,0.0
2022-03-18,23.45,74.2,15.82,2.03
2022-03-19,26.35,78.62,14.69,0.0
2022-03-20,28.2,54.11,14.57,0.0
2022-03-21,25.3,55.38,18.17,0.0
2022-03-22,28.85,55.24,10.53,0.0
2022-03-23,29.52,59.99,17.34,0.0
2022-03-24,28.07,66.79,7.82,0.0
2022-03-25,21.8,68.41,7.68,0.0
2022-03-26,25.48,63.87,15.01,0.0
2022-03-27,31.92,62.47,5.98,0.0
2022-03-28,27.17,57.76,14.29,0.0
2022-03-29,24.4,61.96,12.41,32.57
2022-03-30,30.95,59.71,16.29,0.0
2022-03-31,28.62,51.6,11.76,0.0
2022-04-01,30.91,52.88,12.22,0.0
2022-04-02,29.37,53.97,14.04,0.0
2022-04-03,29.84,65.02,9.35,0.0
2022-04-04,29.76,61.96,9.18,5.36
2022-04-05,30.53,63.72,13.9,0.0
2022-04-06,33.8,47.22,11.88,14.42
2022-04-07,31.3,50.74,10.37,0.0
2022-04-08,26.3,66.36,11.67,0.0
2022-04-09,30.46,43.42,18.38,0.0
2022-04-10,31.96,66.62,10.23,0.0
2022-04-11,32.18,48.21,10.11,0.0
2022-04-12,29.03,65.94,5.17,0.0
2022-04-13,32.32,53.75,11.83,0.0
2022-04-14,31.94,65.57,14.63,0.0
2022-04-15,35.34,76.66,15.34,0.0
2022-04-16,28.79,47.38,12.43,0.0
2022-04-17,29.38,64.87,15.82,10.85
2022-04-18,29.88,49.57,14.92,0.0
2022-04-19,29.61,63.13,16.45,0.0
2022-04-20,28.91,59.71,15.94,0.0
2022-04-21,25.26,63.74,18.28,0.0
2022-04-22,30.01,54.87,11.32,0.0
2022-04-23,31.71,64.09,6.69,0.0
2022-04-24,30.08,51.61,14.65,0.0
2022-04-25,35.03,65.03,15.12,1.66
2022-04-26,31.28,57.19,18.28,0.0
2022-04-27,33.93,49.77,17.13,13.02
2022-04-28,31.96,68.84,19.78,0.0
2022-04-29,33.17,58.2,14.48,0.0
2022-04-30,32.17,70.6,12.92,0.0
2022-05-01,34.43,65.24,6.46,6.92
2022-05-02,31.89,54.52,13.23,0.0
2022-05-03,32.85,58.27,9.79,0.0
2022-05-04,32.68,59.6,12.85,0.0
2022-05-05,31.45,68.71,12.22,0.0
2022-05-06,32.91,61.37,13.89,0.0
2022-05-07,36.65,57.75,11.61,0.0
2022-05-08,31.72,58.21,15.74,0.0
2022-05-09,33.17,58.3,1.11,0.0
2022-05-10,34.92,65.47,12.76,27.24
2022-05-11,34.76,57.75,16.81,0.0
2022-05-12,32.57,56.56,19.48,13.05
2022-05-13,27.85,58.14,14.93,0.0
2022-05-14,33.72,54.98,18.74,7.72
2022-05-15,28.31,52.86,12.68,0.0
2022-05-16,35.76,52.68,12.01,0.0
2022-05-17,33.22,67.57,14.12,0.0
2022-05-18,34.94,56.39,11.99,0.0
2022-05-19,31.2,63.92,8.87,0.0
2022-05-20,29.95,45.5,9.94,2.47
2022-05-21,33.64,61.76,7.55,0.0
2022-05-22,33.1,57.67,14.11,15.98
2022-05-23,32.24,56.23,12.05,0.0
2022-05-24,33.44,59.54,10.56,0.0
2022-05-25,38.86,52.5,9.73,19.56
2022-05-26,35.04,44.83,14.02,0.0
2022-05-27,35.52,62.85,15.12,0.0
2022-05-28,35.15,58.97,7.48,0.0
2022-05-29,36.47,54.91,6.85,0.0
2022-05-30,33.17,52.81,15.82,7.72
2022-05-31,29.48,51.82,6.5,9.73
2022-06-01,33.25,59.91,14.19,0.0
2022-06-02,35.28,67.12,18.47,0.0
2022-06-03,31.75,60.6,18.48,0.0
2022-06-04,33.37,50.2,14.95,0.0
2022-06-05,32.37,60.4,14.84,0.0
2022-06-06,36.79,56.3,21.01,1.46
2022-06-07,35.31,62.61,2.66,0.0
2022-06-08,35.14,61.16,10.14,0.0
2022-06-09,35.1,39.63,15.39,0.0
2022-06-10,33.8,61.53,10.65,0.76
2022-06-11,34.29,51.97,16.96,0.0
2022-06-12,31.54,50.97,11.84,0.0
2022-06-13,29.56,59.46,12.53,0.0
2022-06-14,34.24,60.48,10.9,0.0
2022-06-15,34.6,47.98,9.91,0.0
2022-06-16,36.38,61.07,9.81,0.0
2022-06-17,37.11,61.02,13.08,0.0
2022-06-18,37.11,56.72,8.9,0.0
2022-06-19,31.98,54.05,15.81,0.0
2022-06-20,33.28,52.67,14.61,0.0
2022-06-21,34.94,63.79,16.4,0.0
2022-06-22,39.04,46.31,7.48,0.0
2022-06-23,36.93,62.92,5.2,0.0
2022-06-24,36.21,55.95,11.98,0.0
2022-06-25,33.18,58.02,23.6,0.0
2022-06-26,32.18,48.9,17.06,0.0
2022-06-27,35.51,56.44,9.78,0.0
2022-06-28,31.72,63.08,13.7,0.0
2022-06-29,33.43,50.44,14.91,16.25
2022-06-30,33.66,61.33,6.53,0.0
2022-07-01,37.06,57.0,17.48,0.0
2022-07-02,33.14,54.76,11.33,10.92
2022-07-03,28.95,66.06,11.64,0.0
2022-07-04,34.81,44.49,12.1,0.0
2022-07-05,32.38,61.12,16.58,0.0
2022-07-06,33.83,67.96,8.98,0.0
2022-07-07,33.54,67.04,5.17,0.0
2022-07-08,33.13,60.97,13.29,0.0
2022-07-09,35.23,55.66,3.83,0.0
2022-07-10,30.55,56.24,10.8,1.2
2022-07-11,32.54,57.14,16.75,0.0
2022-07-12,34.9,60.92,14.32,15.28
2022-07-13,32.26,54.26,16.17,8.62
2022-07-14,30.23,64.77,14.48,0.0
2022-07-15,34.74,70.54,21.64,1.32
2022-07-16,35.6,56.9,9.65,0.0
2022-07-17,33.22,50.51,13.59,0.0
2022-07-18,29.33,52.65,10.25,0.0
2022-07-19,34.62,62.47,15.83,0.0
2022-07-20,29.83,60.08,11.75,0.0
2022-07-21,33.71,63.57,18.88,0.0
2022-07-22,31.26,56.45,9.88,0.0
2022-07-23,30.66,64.97,17.63,0.0
2022-07-24,32.03,58.28,14.37,8.07
2022-07-25,32.49,54.59,11.87,3.0
2022-07-26,31.5,57.12,14.17,0.0
2022-07-27,33.91,51.02,13.05,9.51
2022-07-28,31.77,71.31,13.42,0.0
2022-07-29,34.55,57.27,11.17,0.0
2022-07-30,33.09,62.52,9.19,0.0
2022-07-31,31.06,56.55,10.66,0.0
2022-08-01,30.65,53.68,5.27,0.0
2022-08-02,29.01,59.49,15.37,7.85
2022-08-03,32.81,65.41,7.06,0.0
2022-08-04,31.44,56.43,11.13,0.0
2022-08-05,27.33,56.6,14.59,0.0
2022-08-06,30.92,60.78,15.36,0.0
2022-08-07,30.11,63.28,4.9,0.0
2022-08-08,34.98,67.47,11.63,2.02
2022-08-09,28.34,63.38,13.84,0.0
2022-08-10,28.78,64.89,12.21,0.0
2022-08-11,33.8,62.58,17.38,6.53
2022-08-12,34.2,51.12,8.71,0.0
2022-08-13,29.91,54.62,3.8,13.19
2022-08-14,30.05,53.82,15.24,18.75
2022-08-15,32.45,51.01,9.85,4.76
2022-08-16,26.47,67.06,4.97,0.0
2022-08-17,27.31,63.57,11.37,7.31
2022-08-18,30.38,60.62,16.92,11.54
2022-08-19,33.94,42.62,6.95,0.0
2022-08-20,29.88,72.75,21.34,0.0
2022-08-21,30.85,54.52,8.65,6.69
2022-08-22,32.82,71.11,12.35,5.95
2022-08-23,34.67,49.09,7.12,0.0
2022-08-24,29.2,55.92,12.17,0.0
2022-08-25,30.22,47.01,11.47,0.0
2022-08-26,33.8,60.43,6.04,3.33
2022-08-27,27.01,55.39,23.3,0.0
2022-08-28,32.0,52.81,10.02,0.0
2022-08-29,27.81,53.32,10.02,15.1
2022-08-30,29.94,65.05,15.88,4.16
2022-08-31,29.15,65.09,19.26,0.0
2022-09-01,27.61,72.54,16.51,0.0
2022-09-02,27.45,57.64,7.2,27.23
2022-09-03,29.87,61.74,12.86,0.0
2022-09-04,31.2,51.96,4.47,0.0
2022-09-05,28.84,58.98,15.61,0.0
2022-09-06,29.13,57.72,5.46,2.24
2022-09-07,30.02,63.12,8.79,0.0
2022-09-08,26.83,68.2,11.99,0.0
2022-09-09,30.14,66.22,13.78,0.0
2022-09-10,30.19,55.19,10.96,0.0
2022-09-11,33.65,64.33,18.08,0.0
2022-09-12,27.58,61.42,14.89,0.0
2022-09-13,27.3,59.89,14.58,0.0
2022-09-14,29.65,56.29,7.08,0.0
2022-09-15,29.63,57.19,18.8,0.0
2022-09-16,26.81,72.56,8.79,0.0
2022-09-17,26.97,63.86,18.95,0.0
2022-09-18,28.74,62.09,20.09,0.0
2022-09-19,25.89,61.03,14.05,0.3
2022-09-20,26.62,76.89,16.13,12.76
2022-09-21,27.51,69.55,1.0,0.0
2022-09-22,29.21,56.46,11.22,0.0
2022-09-23,25.89,60.97,16.41,0.0
2022-09-24,23.31,62.75,15.7,0.0
2022-09-25,23.05,65.05,7.12,0.0
2022-09-26,24.25,59.31,10.83,4.35
2022-09-27,24.03,66.27,1.85,3.35
2022-09-28,26.24,71.13,13.65,15.62
2022-09-29,24.06,55.74,4.47,1.58
2022-09-30,24.92,56.37,16.52,0.0
2022-10-01,24.67,60.38,16.73,0.0
2022-10-02,25.23,60.36,10.1,11.93
2022-10-03,28.64,73.09,14.09,0.0
2022-10-04,27.21,67.89,11.13,0.0
2022-10-05,25.81,68.32,12.97,0.0
2022-10-06,24.75,61.65,7.41,0.0
2022-10-07,24.7,61.55,14.49,3.59
2022-10-08,26.11,53.78,5.44,0.0
2022-10-09,26.52,66.95,4.68,4.05
2022-10-10,23.43,66.91,11.51,2.65
2022-10-11,25.22,70.7,11.16,13.15
2022-10-12,20.98,64.05,13.09,0.0
2022-10-13,25.36,62.05,9.4,3.56
2022-10-14,26.36,63.37,19.54,0.0
2022-10-15,24.17,68.91,12.64,9.43
2022-10-16,28.26,52.48,12.93,2.55
2022-10-17,22.77,68.74,12.79,0.0
2022-10-18,24.87,63.05,16.01,0.0
2022-10-19,24.26,57.15,14.3,1.9
2022-10-20,24.04,51.12,13.77,0.0
2022-10-21,23.91,62.88,14.94,5.71
2022-10-22,24.26,72.19,4.7,0.0
2022-10-23,25.65,72.79,4.85,27.94
2022-10-24,26.61,64.35,11.7,0.0
2022-10-25,23.76,75.55,11.21,0.0
2022-10-26,25.3,62.68,14.32,1.36
2022-10-27,22.18,70.37,12.08,17.76
2022-10-28,25.03,60.38,14.33,0.0
2022-10-29,21.88,61.73,7.02,0.0
2022-10-30,25.5,58.76,11.96,0.0
2022-10-31,27.66,49.28,6.64,0.0
2022-11-01,22.91,71.97,13.55,15.26
2022-11-02,18.68,62.72,4.49,0.0
2022-11-03,21.89,60.0,13.39,0.0
2022-11-04,25.37,55.82,6.12,0.0
2022-11-05,23.93,62.46,10.47,13.31
2022-11-06,23.25,74.64,15.58,0.0
2022-11-07,24.69,75.83,12.91,0.0
2022-11-08,23.57,53.92,5.42,0.0
2022-11-09,24.96,60.99,9.31,0.0
2022-11-10,24.29,57.28,5.99,0.0
2022-11-11,25.43,68.79,5.22,0.0
2022-11-12,23.03,65.9,12.47,0.0
2022-11-13,24.06,59.8,14.24,0.0
2022-11-14,21.57,65.42,13.76,9.91
2022-11-15,20.92,62.48,14.41,0.0
2022-11-16,25.47,72.53,11.95,0.0
2022-11-17,22.43,67.8,10.91,0.0
2022-11-18,23.55,67.92,7.71,0.0
2022-11-19,22.13,48.68,10.24,0.0
2022-11-20,20.65,65.09,6.71,0.0
2022-11-21,21.79,77.36,8.62,0.0
2022-11-22,24.59,71.28,12.36,0.0
2022-11-23,22.78,53.24,11.53,0.0
2022-11-24,18.19,64.96,24.26,0.0
2022-11-25,21.14,58.01,6.62,0.0
2022-11-26,25.09,73.32,11.5,0.0
2022-11-27,21.05,66.74,6.31,0.0
2022-11-28,17.84,62.43,10.45,0.0
2022-11-29,25.18,63.2,10.61,0.0
2022-11-30,22.72,48.71,15.38,0.0
2022-12-01,21.18,58.69,10.2,0.0
2022-12-02,20.54,65.77,11.23,0.0
2022-12-03,23.42,69.04,10.28,0.0
2022-12-04,20.14,54.13,6.4,7.8
2022-12-05,23.49,61.64,9.39,0.0
2022-12-06,22.25,70.67,10.47,0.0
2022-12-07,21.63,56.24,12.3,0.0
2022-12-08,21.41,66.45,14.24,0.0
2022-12-09,20.74,65.84,11.06,17.77
2022-12-10,23.17,74.39,10.99,0.0
2022-12-11,19.33,64.84,5.12,0.0
2022-12-12,17.8,66.03,14.16,0.0
2022-12-13,22.26,69.74,9.22,0.0
2022-12-14,22.28,56.64,14.99,0.0
2022-12-15,21.96,63.44,17.27,0.0
2022-12-16,21.81,62.12,11.25,0.0
2022-12-17,20.35,64.83,7.91,0.0
2022-12-18,22.56,69.53,11.93,0.0
2022-12-19,20.89,68.69,13.39,0.0
2022-12-20,20.01,61.35,10.74,0.0
2022-12-21,20.36,66.47,9.74,0.0
2022-12-22,25.03,72.03,14.25,0.0
2022-12-23,17.52,62.23,13.99,0.0
2022-12-24,22.0,65.62,10.61,0.0
2022-12-25,17.65,65.99,5.38,0.0
2022-12-26,20.8,65.03,13.83,0.0
2022-12-27,20.16,55.98,8.93,0.0
2022-12-28,16.87,76.03,12.86,0.0
2022-12-29,21.84,60.19,12.6,0.0
2022-12-30,20.32,71.83,4.44,0.0
2022-12-31,16.9,63.83,12.32,0.0
2023-01-01,22.88,60.51,14.06,0.0
2023-01-02,24.1,70.87,14.55,0.0
2023-01-03,24.24,69.48,12.47,8.99
2023-01-04,22.0,66.0,4.09,0.0
2023-01-05,21.41,69.64,17.11,0.0
2023-01-06,24.0,61.92,13.64,0.0
2023-01-07,24.74,63.19,7.19,0.0
2023-01-08,23.68,59.85,8.85,11.41
2023-01-09,19.57,71.51,12.92,0.0
2023-01-10,21.89,60.65,14.72,0.0
2023-01-11,22.41,73.43,10.05,0.0
2023-01-12,17.96,65.08,15.3,0.0
2023-01-13,22.56,64.57,4.83,4.83
2023-01-14,26.21,66.99,7.83,0.0
2023-01-15,22.99,64.35,3.74,0.0
2023-01-16,24.71,61.47,8.41,0.0
2023-01-17,22.18,64.47,18.03,0.0
2023-01-18,21.72,70.27,20.23,0.0
2023-01-19,22.69,60.4,12.94,0.0
2023-01-20,20.35,64.9,9.45,0.0
2023-01-21,20.11,65.85,11.11,23.2
2023-01-22,24.63,68.49,13.89,0.0
2023-01-23,24.9,62.55,5.75,0.7
2023-01-24,20.24,76.57,9.71,0.0
2023-01-25,24.22,62.59,17.74,0.0
2023-01-26,22.18,63.23,7.82,0.0
2023-01-27,23.1,63.12,9.0,5.92
2023-01-28,23.41,56.07,12.05,0.0
2023-01-29,24.55,57.13,13.13,0.0
2023-01-30,22.8,61.13,9.5,2.12
2023-01-31,25.53,69.62,12.31,6.1
2023-02-01,23.4,63.78,14.43,0.0
2023-02-02,24.11,60.68,19.85,0.0
2023-02-03,21.27,72.51,11.5,0.0
2023-02-04,27.33,71.12,11.83,2.19
2023-02-05,24.04,71.16,18.11,0.0
2023-02-06,24.6,58.2,9.8,0.0
2023-02-07,20.05,62.85,6.7,0.0
2023-02-08,21.7,75.8,13.0,0.0
2023-02-09,25.91,64.05,16.3,0.0
2023-02-10,24.09,61.99,13.44,0.0
2023-02-11,19.78,70.28,11.61,0.0
2023-02-12,25.77,68.72,6.21,0.0
2023-02-13,22.7,60.94,11.77,0.0
2023-02-14,26.7,63.48,16.93,0.0
2023-02-15,23.8,69.32,7.06,0.0
2023-02-16,24.47,56.43,11.02,0.0
2023-02-17,26.52,62.34,10.45,0.0
2023-02-18,22.46,57.81,9.21,3.28
2023-02-19,22.37,58.65,12.99,0.0
2023-02-20,24.06,60.24,13.77,0.0
2023-02-21,26.2,65.3,13.73,0.0
2023-02-22,21.99,62.83,8.09,0.0
2023-02-23,21.41,61.18,5.42,23.66
2023-02-24,26.5,62.59,13.05,0.0
2023-02-25,23.75,56.91,9.98,13.64
2023-02-26,24.27,66.07,19.35,0.0
2023-02-27,21.44,71.84,19.54,0.0
2023-02-28,23.9,63.23,19.96,0.0
2023-03-01,25.35,61.69,8.24,0.0
2023-03-02,27.33,64.06,14.28,0.0
2023-03-03,24.04,51.46,15.48,0.0
2023-03-04,29.0,64.12,15.03,0.0
2023-03-05,24.42,82.03,10.58,0.0
2023-03-06,24.54,62.62,17.12,4.76
2023-03-07,29.08,60.14,12.0,0.0
2023-03-08,26.54,66.71,12.51,0.0
2023-03-09,25.12,72.9,5.85,0.0
2023-03-10,26.03,68.38,14.58,0.0
2023-03-11,29.15,47.88,10.96,12.25
2023-03-12,29.49,64.01,13.86,0.0
2023-03-13,25.03,78.51,12.94,0.0
2023-03-14,26.69,65.9,12.72,0.0
2023-03-15,27.07,55.03,11.82,0.0
2023-03-16,25.03,64.77,15.15,0.0
2023-03-17,27.0,54.31,11.2,0.0
2023-03-18,27.24,69.27,6.18,0.0
2023-03-19,29.62,54.83,14.28,0.0
2023-03-20,29.86,60.87,8.76,0.0
2023-03-21,26.9,56.91,6.7,0.0
2023-03-22,27.24,58.59,7.91,0.0
2023-03-23,29.11,69.76,13.13,0.0
2023-03-24,26.72,62.77,11.61,0.0
2023-03-25,29.18,57.44,3.47,0.0
2023-03-26,27.94,54.61,10.47,0.0
2023-03-27,26.29,51.16,16.68,0.0
2023-03-28,26.43,54.81,10.19,0.0
2023-03-29,31.35,60.28,11.34,0.0
2023-03-30,28.25,67.19,16.17,11.97
2023-03-31,31.95,55.91,15.18,13.72
2023-04-01,27.76,71.01,16.09,0.0
2023-04-02,29.47,56.33,1.0,0.0
2023-04-03,33.79,56.84,18.93,7.51
2023-04-04,27.0,55.52,14.55,0.0
2023-04-05,25.42,68.81,21.85,0.0
2023-04-06,31.9,71.89,8.87,0.0
2023-04-07,27.78,51.0,4.95,0.0
2023-04-08,29.5,58.55,12.03,0.0
2023-04-09,28.48,68.78,10.9,0.0
2023-04-10,30.29,51.51,14.61,0.0
2023-04-11,27.96,64.87,16.3,27.33
2023-04-12,29.6,67.9,11.65,0.0
2023-04-13,30.96,60.29,11.04,0.0
2023-04-14,28.15,64.67,14.09,0.0
2023-04-15,28.87,71.54,10.97,0.0
2023-04-16,29.68,72.22,10.64,0.0
2023-04-17,27.61,61.29,16.15,0.0
2023-04-18,29.73,57.31,17.04,0.0
2023-04-19,30.91,54.33,16.34,0.0
2023-04-20,29.97,66.23,11.33,0.0
2023-04-21,30.32,51.94,3.44,0.0
2023-04-22,30.92,58.33,11.41,0.0
2023-04-23,29.74,61.11,8.97,0.0
2023-04-24,32.53,55.94,11.48,11.3
2023-04-25,34.11,59.77,9.32,0.0
2023-04-26,30.4,75.51,11.92,0.0
2023-04-27,32.39,58.3,7.84,0.0
2023-04-28,31.03,57.17,6.88,0.0
2023-04-29,32.33,65.16,16.89,9.54
2023-04-30,34.82,59.14,8.12,0.0
2023-05-01,32.79,67.45,12.0,0.0
2023-05-02,28.31,62.27,15.82,0.0
2023-05-03,32.85,57.29,15.66,0.0
2023-05-04,34.49,47.18,15.18,0.0
2023-05-05,31.66,49.72,13.21,0.0
2023-05-06,34.17,47.04,14.9,0.0
2023-05-07,30.88,62.14,17.49,0.0
2023-05-08,29.37,52.52,13.7,0.0
2023-05-09,32.7,66.4,4.65,3.27
2023-05-10,28.97,61.1,9.89,0.0
2023-05-11,32.08,57.74,14.79,0.0
2023-05-12,35.2,52.43,9.49,0.0
2023-05-13,28.88,64.7,18.48,0.0
2023-05-14,30.21,55.41,11.75,0.0
2023-05-15,30.77,54.02,12.34,0.0
2023-05-16,32.77,65.96,16.5,35.61
2023-05-17,32.23,61.25,11.27,0.0
2023-05-18,35.82,55.74,12.71,7.36
2023-05-19,34.99,61.45,15.6,0.0
2023-05-20,34.13,58.13,6.11,0.0
2023-05-21,33.49,60.73,10.86,7.08
2023-05-22,34.04,53.23,15.32,0.0
2023-05-23,31.58,71.9,12.26,0.0
2023-05-24,35.07,54.08,17.87,0.0
2023-05-25,31.18,69.04,5.7,0.0
2023-05-26,35.12,56.4,5.24,0.0
2023-05-27,35.87,61.96,15.08,0.0
2023-05-28,33.97,62.57,15.46,0.0
2023-05-29,33.23,65.45,11.23,0.0
2023-05-30,34.43,52.87,13.6,0.0
2023-05-31,27.94,67.93,14.98,0.0
2023-06-01,34.31,69.06,8.74,0.0
2023-06-02,33.51,56.87,9.17,0.0
2023-06-03,33.67,58.54,12.76,0.0
2023-06-04,35.22,54.34,15.62,0.0
2023-06-05,33.69,56.24,7.34,0.0
2023-06-06,31.58,69.75,11.21,0.0
2023-06-07,33.61,52.34,11.02,0.0
2023-06-08,34.05,52.47,13.67,0.0
2023-06-09,34.17,67.72,11.97,0.0
2023-06-10,34.28,61.74,9.82,0.0
2023-06-11,36.06,69.74,16.99,0.0
2023-06-12,31.82,56.65,9.84,0.0
2023-06-13,34.36,58.71,10.83,0.0
2023-06-14,36.6,52.76,5.63,0.0
2023-06-15,30.56,60.9,9.15,0.0
2023-06-16,34.4,47.28,14.06,0.0
2023-06-17,32.88,62.88,13.28,0.0
2023-06-18,33.31,60.47,14.4,2.37
2023-06-19,32.25,58.77,14.2,0.0
2023-06-20,33.72,55.96,20.35,0.0
2023-06-21,37.74,50.72,9.01,10.48
2023-06-22,31.53,63.88,5.52,0.0
2023-06-23,31.71,52.38,7.8,0.0
2023-06-24,31.44,62.63,9.19,0.0
2023-06-25,37.49,68.68,8.1,0.0
2023-06-26,33.1,67.56,12.37,0.0
2023-06-27,33.97,49.14,17.01,0.0
2023-06-28,33.2,55.37,18.16,0.0
2023-06-29,32.1,61.72,14.02,0.0
2023-06-30,33.5,58.0,20.57,0.0
2023-07-01,38.87,47.08,10.57,0.0
2023-07-02,36.71,58.97,5.47,0.0
2023-07-03,32.2,59.08,16.21,2.12
2023-07-04,35.18,68.99,4.65,0.0
2023-07-05,32.19,57.63,8.98,16.42
2023-07-06,30.27,67.21,14.08,0.0
2023-07-07,35.83,49.54,11.59,0.0
2023-07-08,36.08,50.84,11.24,0.0
2023-07-09,35.82,61.48,7.28,0.0
2023-07-10,32.75,65.34,11.96,0.0
2023-07-11,33.32,52.78,16.01,0.0
2023-07-12,35.11,57.68,12.08,1.3
2023-07-13,34.35,49.67,8.68,0.0
2023-07-14,32.74,57.76,7.01,0.0
2023-07-15,30.24,65.24,8.76,0.0
2023-07-16,33.66,55.73,13.57,10.26
2023-07-17,35.54,55.81,13.37,0.0
2023-07-18,30.94,53.05,8.8,10.49
2023-07-19,34.56,53.95,3.16,0.0
2023-07-20,33.89,68.76,13.68,0.0
2023-07-21,34.68,58.22,8.41,0.0
2023-07-22,34.86,51.66,14.76,0.0
2023-07-23,31.67,57.54,8.98,0.0
2023-07-24,29.76,50.89,8.05,0.0
2023-07-25,31.87,53.24,12.61,0.0
2023-07-26,34.65,65.95,21.43,0.0
2023-07-27,31.72,58.55,15.0,0.0
2023-07-28,31.35,70.95,12.54,0.0
2023-07-29,29.03,60.31,13.44,0.0
2023-07-30,36.11,56.77,5.0,11.1
2023-07-31,34.18,61.89,7.51,0.0
2023-08-01,34.0,42.12,1.96,0.0
2023-08-02,34.32,59.2,18.92,4.39
2023-08-03,33.46,58.15,18.11,0.0
2023-08-04,31.74,68.31,13.57,3.49
2023-08-05,31.83,65.13,12.54,0.0
2023-08-06,31.22,52.88,5.79,0.0
2023-08-07,37.26,63.81,11.12,0.0
2023-08-08,33.02,57.11,19.17,24.17
2023-08-09,30.9,54.43,12.53,0.0
2023-08-10,32.67,60.06,9.74,0.0
2023-08-11,29.63,59.33,4.97,1.57
2023-08-12,34.58,67.06,17.52,0.0
2023-08-13,30.16,62.31,11.72,0.0
2023-08-14,32.39,60.27,4.97,0.0
2023-08-15,33.43,63.87,8.3,0.0
2023-08-16,31.98,65.82,6.89,15.43
2023-08-17,31.3,64.34,11.47,2.26
2023-08-18,31.04,68.29,12.83,0.0
2023-08-19,30.81,63.56,9.99,0.0
2023-08-20,29.67,61.53,15.11,0.0
2023-08-21,29.83,67.88,12.32,0.0
2023-08-22,33.59,57.83,16.25,0.0
2023-08-23,30.32,60.38,10.57,0.0
2023-08-24,28.86,71.31,24.18,0.0
2023-08-25,29.3,70.47,9.74,0.0
2023-08-26,32.43,58.96,8.39,0.0
2023-08-27,31.48,56.81,7.89,0.0
2023-08-28,31.15,68.5,11.16,0.0
2023-08-29,29.41,65.48,5.12,0.0
2023-08-30,30.96,61.71,13.18,0.0
2023-08-31,28.43,59.28,4.38,0.0
2023-09-01,29.09,62.84,12.65,0.0
2023-09-02,31.44,59.43,6.59,0.0
2023-09-03,31.14,55.74,10.47,24.68
2023-09-04,27.32,62.6,14.42,0.0
2023-09-05,27.47,63.34,21.22,0.0
2023-09-06,29.29,58.49,7.69,0.0
2023-09-07,32.41,64.45,11.4,0.0
2023-09-08,25.02,70.82,9.1,0.0
2023-09-09,29.3,66.56,8.52,0.0
2023-09-10,25.88,60.96,9.14,0.0
2023-09-11,27.25,66.4,15.3,0.0
2023-09-12,27.68,62.09,10.05,0.0
2023-09-13,27.46,54.33,21.0,0.0
2023-09-14,27.12,65.97,13.66,6.42
2023-09-15,28.09,62.28,7.96,0.0
2023-09-16,26.89,77.62,10.53,0.0
2023-09-17,24.93,71.88,8.79,0.0
2023-09-18,29.3,65.0,15.2,0.0
2023-09-19,29.14,62.32,5.44,0.0
2023-09-20,29.2,61.77,6.64,0.0
2023-09-21,24.32,57.45,9.63,0.0
2023-09-22,27.89,51.08,14.73,0.0
2023-09-23,28.53,55.92,16.93,0.0
2023-09-24,25.01,62.81,17.52,0.0
2023-09-25,26.98,49.38,14.12,0.0
2023-09-26,26.62,58.95,11.67,0.0
2023-09-27,30.42,58.63,15.18,0.0
2023-09-28,30.48,58.8,7.42,0.0
2023-09-29,23.19,60.13,4.62,0.0
2023-09-30,31.39,57.53,13.75,0.0
2023-10-01,24.47,73.74,7.98,2.75
2023-10-02,28.15,65.34,11.74,0.0
2023-10-03,28.02,58.08,12.48,0.0
2023-10-04,23.98,63.25,12.99,0.0
2023-10-05,26.85,61.91,15.75,0.0
2023-10-06,25.54,58.2,15.33,0.0
2023-10-07,26.75,57.52,12.78,15.36
2023-10-08,26.0,68.61,10.23,0.0
2023-10-09,27.83,59.03,12.43,0.0
2023-10-10,25.48,56.27,9.62,8.26
2023-10-11,24.89,62.9,11.21,12.08
2023-10-12,27.31,62.54,22.47,5.15
2023-10-13,26.18,50.62,12.73,10.81
2023-10-14,26.38,62.1,13.8,0.0
2023-10-15,23.48,69.14,9.18,0.0
2023-10-16,22.62,67.12,16.08,0.0
2023-10-17,23.48,77.32,15.04,0.0
2023-10-18,23.27,71.56,15.07,0.0
2023-10-19,25.99,71.25,12.86,0.0
2023-10-20,26.27,79.2,16.14,0.0
2023-10-21,23.91,68.25,17.09,0.0
2023-10-22,26.99,62.99,13.13,0.0
2023-10-23,26.77,67.97,11.54,0.0
2023-10-24,24.42,60.06,15.58,0.0
2023-10-25,22.2,65.29,8.38,0.0
2023-10-26,26.9,58.17,9.13,0.0
2023-10-27,23.54,66.29,11.79,0.0
2023-10-28,23.83,59.83,5.03,0.0
2023-10-29,22.81,60.18,15.31,0.0
2023-10-30,21.62,67.44,8.15,0.0
2023-10-31,20.38,64.82,10.11,0.0
2023-11-01,24.5,51.81,11.15,0.0
2023-11-02,21.58,56.25,12.16,8.48
2023-11-03,29.19,53.91,10.63,0.0
2023-11-04,20.81,60.1,11.73,0.0
2023-11-05,20.39,68.12,11.76,0.0
2023-11-06,23.85,65.05,10.21,0.0
2023-11-07,25.81,69.04,8.91,1.98
2023-11-08,22.81,68.82,16.33,8.0
2023-11-09,23.75,70.22,3.58,0.0
2023-11-10,18.85,70.13,11.18,3.89
2023-11-11,21.11,66.5,10.12,0.0
2023-11-12,20.25,72.31,13.68,0.0
2023-11-13,18.54,72.17,6.18,0.0
2023-11-14,22.5,66.73,10.0,0.0
2023-11-15,17.71,74.73,11.59,2.38
2023-11-16,19.49,52.05,16.28,0.0
2023-11-17,21.0,63.56,13.33,0.0
2023-11-18,20.35,63.82,7.27,0.0
2023-11-19,22.75,71.25,10.05,0.0
2023-11-20,22.51,73.9,15.54,0.0
2023-11-21,23.64,55.15,7.2,13.9
2023-11-22,23.3,72.5,11.69,0.0
2023-11-23,24.03,56.61,11.96,0.0
2023-11-24,21.69,58.07,10.46,0.0
2023-11-25,22.26,63.2,22.78,0.0
2023-11-26,22.63,62.5,10.35,0.0
2023-11-27,21.84,55.49,13.8,0.0
2023-11-28,20.72,69.35,8.93,0.0
2023-11-29,20.81,69.48,14.11,0.0
2023-11-30,19.8,72.28,15.48,0.0
2023-12-01,22.25,62.01,9.65,0.0
2023-12-02,21.18,64.96,11.78,0.0
2023-12-03,20.01,65.66,8.42,0.0
2023-12-04,19.98,75.99,7.42,0.0
2023-12-05,18.85,49.48,16.15,0.0
2023-12-06,23.2,58.35,9.78,16.27
2023-12-07,21.38,65.13,2.35,0.0
2023-12-08,19.47,59.63,19.06,16.56
2023-12-09,22.79,62.76,8.79,0.0
2023-12-10,20.03,65.07,11.01,0.0
2023-12-11,18.32,62.83,18.56,0.0
2023-12-12,23.16,64.5,11.43,0.0
2023-12-13,20.03,69.6,11.35,0.0
2023-12-14,20.28,64.28,7.09,0.0
2023-12-15,21.17,62.49,5.46,0.0
2023-12-16,23.36,63.01,11.33,0.0
2023-12-17,21.11,65.2,13.45,0.0
2023-12-18,18.67,56.14,13.22,0.0
2023-12-19,22.15,67.44,10.07,0.0
2023-12-20,20.09,63.09,12.08,0.0
2023-12-21,24.84,70.76,4.65,0.0
2023-12-22,21.06,68.81,13.84,0.0
2023-12-23,16.6,74.74,12.65,0.0
2023-12-24,21.79,58.8,19.89,0.0
2023-12-25,24.97,60.89,12.03,0.0
2023-12-26,24.25,56.06,8.23,0.0
2023-12-27,24.77,59.0,11.8,0.0
2023-12-28,19.08,73.87,10.69,0.0
2023-12-29,22.96,73.15,13.74,0.0
2023-12-30,19.71,59.12,12.11,0.0
2023-12-31,21.63,62.21,6.96,0.0
2024-01-01,18.74,66.09,5.46,3.81
2024-01-02,20.02,69.35,13.05,0.0
2024-01-03,19.98,55.3,17.53,0.0
2024-01-04,23.16,54.49,12.32,0.0
2024-01-05,23.0,67.14,15.25,0.0
2024-01-06,21.98,53.07,16.05,0.0
2024-01-07,18.76,63.85,13.07,0.0
2024-01-08,20.87,66.34,8.74,0.0
2024-01-09,20.04,68.32,12.78,0.0
2024-01-10,23.31,63.18,16.83,0.0
2024-01-11,23.97,61.47,14.12,0.0
2024-01-12,23.77,68.84,14.99,0.0
2024-01-13,20.19,67.46,10.15,8.4
2024-01-14,16.27,64.02,11.19,0.0
2024-01-15,18.26,67.03,11.53,0.0
2024-01-16,24.69,65.57,11.79,0.0
2024-01-17,21.09,75.56,16.67,0.0
2024-01-18,20.45,70.32,2.61,0.0
2024-01-19,25.29,70.23,12.12,0.0
2024-01-20,24.59,59.66,11.68,0.0
2024-01-21,22.17,61.51,6.51,0.0
2024-01-22,21.59,63.56,14.69,0.0
2024-01-23,21.98,63.9,9.1,0.0
2024-01-24,22.76,58.29,10.57,4.92
2024-01-25,25.57,70.38,19.4,0.0
2024-01-26,23.28,69.35,16.04,0.0
2024-01-27,23.95,61.84,14.3,0.0
2024-01-28,24.91,67.0,13.52,0.0
2024-01-29,20.3,67.02,11.34,0.0
2024-01-30,24.22,67.85,20.0,0.0
2024-01-31,22.2,56.58,15.21,0.0
2024-02-01,17.83,66.17,9.0,0.0
2024-02-02,18.68,66.23,6.4,0.0
2024-02-03,20.98,69.05,14.27,0.0
2024-02-04,24.16,59.79,11.78,0.0
2024-02-05,23.4,48.98,6.28,0.0
2024-02-06,23.63,57.36,13.71,0.0
2024-02-07,27.24,61.5,10.92,0.0
2024-02-08,20.89,65.74,14.12,6.86
2024-02-09,23.46,74.05,13.77,0.0
2024-02-10,24.21,67.03,9.57,0.0
2024-02-11,22.21,65.12,14.53,0.0
2024-02-12,23.83,63.55,10.01,0.0
2024-02-13,20.67,72.11,10.27,0.0
2024-02-14,26.78,58.58,9.87,4.19
2024-02-15,22.69,63.53,16.52,0.0
2024-02-16,28.21,54.8,10.88,0.0
2024-02-17,24.17,72.07,17.49,0.0
2024-02-18,26.39,64.69,19.13,0.0
2024-02-19,24.33,59.23,9.05,7.82
2024-02-20,24.47,62.71,1.0,0.0
2024-02-21,23.46,67.0,16.18,0.0
2024-02-22,24.97,61.61,10.63,0.0
2024-02-23,25.46,59.64,8.54,0.0
2024-02-24,23.36,60.08,9.65,0.0
2024-02-25,24.78,65.25,10.34,0.0
2024-02-26,23.91,61.55,17.19,0.0
2024-02-27,29.84,57.72,12.64,0.0
2024-02-28,25.16,54.99,17.13,0.0
2024-02-29,28.54,61.62,13.98,0.0
2024-03-01,25.16,61.92,10.76,0.0
2024-03-02,26.18,60.52,10.44,0.0
2024-03-03,23.12,65.32,14.25,0.0
2024-03-04,24.98,67.6,15.28,0.0
2024-03-05,26.4,66.54,15.99,2.28
2024-03-06,29.26,64.07,10.95,0.0
2024-03-07,26.64,60.75,12.7,0.0
2024-03-08,29.08,57.46,14.34,4.02
2024-03-09,27.7,55.35,10.46,0.0
2024-03-10,29.78,56.91,7.46,0.0
2024-03-11,26.52,62.38,8.77,0.0
2024-03-12,31.53,54.79,11.04,5.23
2024-03-13,25.89,63.19,14.65,0.0
2024-03-14,25.44,57.07,17.04,0.0
2024-03-15,24.66,53.32,6.58,0.0
2024-03-16,31.86,64.25,9.61,0.0
2024-03-17,28.94,58.08,10.57,0.0
2024-03-18,26.75,57.12,15.18,0.0
2024-03-19,30.03,53.77,9.89,2.53
2024-03-20,29.02,63.43,10.28,0.0
2024-03-21,31.68,67.67,6.35,0.0
2024-03-22,24.77,60.81,13.93,0.0
2024-03-23,27.44,60.46,11.35,0.0
2024-03-24,27.16,68.34,9.38,0.0
2024-03-25,24.25,52.65,10.96,0.0
2024-03-26,30.43,71.91,16.51,17.68
2024-03-27,27.88,76.18,7.98,0.0
2024-03-28,30.01,44.11,8.63,0.0
2024-03-29,33.36,57.92,17.01,0.0
2024-03-30,28.05,57.11,12.3,0.0
2024-03-31,28.02,59.85,14.68,0.0
2024-04-01,29.21,58.27,13.61,0.0
2024-04-02,31.06,64.64,11.86,0.0
2024-04-03,28.06,60.74,10.61,0.0
2024-04-04,28.04,55.96,15.33,0.0
2024-04-05,31.52,58.48,16.65,0.0
2024-04-06,30.27,63.29,16.34,0.0
2024-04-07,25.53,55.71,7.26,0.0
2024-04-08,27.28,51.97,17.22,11.84
2024-04-09,32.83,70.75,10.57,6.13
2024-04-10,30.74,56.09,8.98,6.08
2024-04-11,28.52,60.34,11.32,0.0
2024-04-12,29.8,58.07,15.32,0.0
2024-04-13,30.27,63.49,14.16,0.0
2024-04-14,31.82,69.98,10.98,0.0
2024-04-15,27.73,65.08,15.35,0.0
2024-04-16,28.87,51.86,12.56,0.0
2024-04-17,31.2,51.39,9.71,14.35
2024-04-18,30.55,57.65,9.17,0.0
2024-04-19,31.99,57.65,13.64,0.0
2024-04-20,28.49,50.85,11.67,0.0
2024-04-21,31.75,64.3,6.5,0.0
2024-04-22,33.32,52.01,15.39,29.02
2024-04-23,32.2,68.1,10.08,0.0
2024-04-24,31.6,70.39,18.37,0.0
2024-04-25,31.22,58.19,6.39,0.57
2024-04-26,29.83,63.08,11.28,0.0
2024-04-27,31.45,52.16,9.2,0.0
2024-04-28,34.2,61.78,8.1,0.0
2024-04-29,31.53,56.52,10.05,0.0
2024-04-30,30.07,53.79,19.08,0.0
2024-05-01,30.95,58.09,12.57,0.0
2024-05-02,32.42,56.22,8.83,11.13
2024-05-03,31.36,57.65,4.69,0.0
2024-05-04,33.15,64.31,5.11,0.0
2024-05-05,33.31,53.82,9.85,0.0
2024-05-06,34.12,68.49,9.47,0.0
2024-05-07,35.26,49.5,11.1,0.0
2024-05-08,34.48,67.58,2.91,0.0
2024-05-09,30.7,53.87,11.63,0.0
2024-05-10,30.83,59.89,16.11,0.0
2024-05-11,32.56,56.0,18.49,0.0
2024-05-12,31.88,57.26,4.42,0.0
2024-05-13,30.57,64.84,8.79,0.0
2024-05-14,32.03,68.23,8.58,0.0
2024-05-15,32.03,66.38,12.58,0.0
2024-05-16,31.7,56.99,7.12,18.46
2024-05-17,32.47,60.1,18.73,0.0
2024-05-18,35.52,52.62,12.17,0.0
2024-05-19,33.62,52.41,11.51,0.0
2024-05-20,38.22,48.95,18.37,0.0
2024-05-21,33.67,55.7,11.94,0.0
2024-05-22,32.8,60.31,13.6,0.0
2024-05-23,33.44,46.98,9.0,0.0
2024-05-24,34.0,57.87,6.52,14.66
2024-05-25,34.4,67.02,9.56,0.0
2024-05-26,37.73,62.83,20.75,0.52
2024-05-27,31.93,55.78,14.53,0.0
2024-05-28,35.39,49.01,13.1,0.0
2024-05-29,34.12,60.84,8.09,0.0
2024-05-30,30.61,46.11,15.65,0.0
2024-05-31,35.33,64.08,6.57,0.0
2024-06-01,36.36,55.57,5.73,0.0
2024-06-02,32.14,70.16,9.76,0.0
2024-06-03,33.87,47.86,19.82,0.0
2024-06-04,30.47,65.6,19.59,4.11
2024-06-05,31.43,58.96,10.2,0.0
2024-06-06,36.07,55.03,9.3,0.19
2024-06-07,33.06,50.45,5.44,0.0
2024-06-08,31.8,62.93,12.31,0.0
2024-06-09,34.5,61.93,12.65,0.0
2024-06-10,33.01,69.4,15.16,0.0
2024-06-11,33.13,64.68,15.64,0.0
2024-06-12,35.57,53.72,11.21,0.0
2024-06-13,31.78,53.35,14.22,0.0
2024-06-14,32.3,50.87,9.2,0.0
2024-06-15,34.43,66.75,14.15,0.0
2024-06-16,36.07,52.34,9.97,0.0
2024-06-17,36.61,65.6,13.84,0.0
2024-06-18,32.81,61.96,13.51,23.04
2024-06-19,36.01,59.02,12.28,31.01
2024-06-20,32.57,57.09,15.18,0.0
2024-06-21,37.79,60.03,5.72,0.0
2024-06-22,31.87,59.23,7.74,0.0
2024-06-23,36.78,54.4,10.92,2.69
2024-06-24,32.81,62.98,6.23,0.0
2024-06-25,38.14,55.01,10.37,0.0
2024-06-26,35.28,52.66,10.5,0.0
2024-06-27,32.05,62.82,17.24,0.0
2024-06-28,33.02,58.3,12.57,0.0
2024-06-29,35.61,60.2,16.12,0.0
2024-06-30,36.14,54.25,13.21,0.0
2024-07-01,33.87,50.97,9.86,0.0
2024-07-02,34.08,68.52,12.53,0.0
2024-07-03,35.48,66.62,14.92,0.0
2024-07-04,34.2,63.34,16.77,0.0
2024-07-05,31.32,57.3,11.47,5.28
2024-07-06,32.25,57.31,5.41,0.0
2024-07-07,34.31,66.27,5.13,26.84
2024-07-08,36.24,54.8,10.69,0.0
2024-07-09,37.0,52.7,2.65,0.0
2024-07-10,35.29,68.67,19.18,12.96
2024-07-11,34.27,57.72,14.39,2.93
2024-07-12,35.15,68.13,9.46,12.01
2024-07-13,32.27,50.71,7.56,4.15
2024-07-14,33.26,61.67,16.11,0.0
2024-07-15,31.87,71.75,7.55,0.0
2024-07-16,30.97,60.0,7.93,0.0
2024-07-17,34.08,56.52,8.94,0.0
2024-07-18,33.74,51.29,12.46,0.0
2024-07-19,34.69,64.27,14.48,0.0
2024-07-20,34.35,53.34,16.77,0.0
2024-07-21,33.68,57.76,16.18,0.0
2024-07-22,34.25,50.6,12.0,0.0
2024-07-23,32.99,68.04,16.08,0.0
2024-07-24,33.84,65.17,9.32,7.04
2024-07-25,31.5,59.34,4.72,0.0
2024-07-26,33.63,51.43,9.32,0.0
2024-07-27,34.16,67.28,8.77,0.0
2024-07-28,31.41,57.38,9.47,13.5
2024-07-29,32.79,52.19,8.16,0.0
2024-07-30,31.36,49.03,10.16,0.0
2024-07-31,31.49,55.66,14.48,1.38
2024-08-01,30.21,51.5,18.86,0.0
2024-08-02,34.92,53.91,5.1,0.0
2024-08-03,34.44,62.37,6.85,5.54
2024-08-04,33.31,56.28,8.83,0.0
2024-08-05,36.1,59.13,15.06,2.6
2024-08-06,31.69,55.08,11.18,0.0
2024-08-07,38.05,56.31,9.1,6.05
2024-08-08,31.45,71.08,14.87,2.75
2024-08-09,32.33,56.98,15.83,0.0
2024-08-10,30.94,62.14,11.92,0.0
2024-08-11,32.39,49.64,8.74,11.68
2024-08-12,33.23,67.69,13.08,0.0
2024-08-13,31.24,56.8,11.07,0.0
2024-08-14,34.93,63.94,11.04,0.0
2024-08-15,31.77,58.64,9.95,0.0
2024-08-16,31.73,63.07,15.7,0.0
2024-08-17,29.28,64.77,13.0,0.0
2024-08-18,31.84,56.62,16.14,0.0
2024-08-19,30.64,66.55,17.35,0.0
2024-08-20,29.59,56.02,13.84,11.49
2024-08-21,29.16,65.48,9.97,9.96
2024-08-22,35.96,54.73,16.16,0.0
2024-08-23,29.99,62.45,13.86,0.0
2024-08-24,27.5,58.95,22.41,0.0
2024-08-25,28.92,61.25,13.24,0.0
2024-08-26,30.11,53.84,14.79,0.0
2024-08-27,31.2,61.18,13.16,0.0
2024-08-28,31.11,60.0,11.6,0.0
2024-08-29,31.25,56.42,10.96,0.0
2024-08-30,28.5,60.84,13.18,3.11
2024-08-31,30.37,60.95,14.08,8.88
2024-09-01,27.83,57.85,16.62,0.0
2024-09-02,28.23,60.55,13.24,0.0
2024-09-03,27.53,55.67,10.15,0.0
2024-09-04,26.88,76.14,10.69,0.0
2024-09-05,31.28,66.0,6.71,16.06
2024-09-06,30.42,61.76,18.64,0.0
2024-09-07,30.88,66.9,9.84,0.0
2024-09-08,28.9,49.08,15.87,0.0
2024-09-09,30.26,44.86,13.11,0.0
2024-09-10,25.08,60.66,13.21,0.0
2024-09-11,30.22,51.96,11.53,1.04
2024-09-12,28.73,59.63,8.85,0.0
2024-09-13,29.52,61.85,8.13,7.08
2024-09-14,28.92,66.47,18.91,0.84
2024-09-15,26.07,55.68,12.46,0.0
2024-09-16,24.94,65.53,16.5,5.51
2024-09-17,26.4,62.42,17.54,0.0
2024-09-18,28.84,63.07,10.36,0.0
2024-09-19,28.98,57.79,13.69,0.0
2024-09-20,24.75,71.54,12.18,0.0
2024-09-21,25.41,62.25,7.37,0.0
2024-09-22,25.82,73.3,11.26,0.0
2024-09-23,26.44,57.57,14.35,0.0
2024-09-24,24.32,67.93,10.0,0.0
2024-09-25,24.08,63.25,10.7,0.0
2024-09-26,25.17,61.04,11.31,0.0
2024-09-27,26.88,65.86,20.45,14.12
2024-09-28,24.24,61.73,4.66,5.28
2024-09-29,26.25,46.44,14.01,0.0
2024-09-30,28.49,42.8,10.99,5.75
2024-10-01,23.66,71.47,9.44,0.0
2024-10-02,25.74,70.07,10.89,0.0
2024-10-03,28.1,72.72,14.67,0.0
2024-10-04,25.1,62.94,14.9,0.0
2024-10-05,24.69,55.52,12.74,7.67
2024-10-06,28.05,58.9,16.37,0.0
2024-10-07,25.01,63.16,17.08,0.0
2024-10-08,27.72,55.56,15.27,0.0
2024-10-09,26.27,72.3,9.82,0.0
2024-10-10,24.62,76.75,13.98,19.23
2024-10-11,26.16,65.33,14.0,0.0
2024-10-12,25.74,62.63,8.74,8.61
2024-10-13,27.04,54.21,5.72,9.96
2024-10-14,23.8,73.04,3.91,0.0
2024-10-15,24.87,63.63,12.28,0.0
2024-10-16,24.57,61.6,13.19,0.0
2024-10-17,26.0,65.44,7.27,0.0
2024-10-18,22.44,60.99,16.18,0.0
2024-10-19,26.43,63.19,12.61,0.0
2024-10-20,25.23,54.32,17.4,10.64
2024-10-21,21.57,71.51,13.48,0.0
2024-10-22,26.53,61.63,7.73,6.35
2024-10-23,28.48,68.14,13.83,0.0
2024-10-24,25.93,61.38,14.68,0.0
2024-10-25,26.69,61.35,9.81,0.0
2024-10-26,23.91,56.42,6.23,14.11
2024-10-27,20.33,70.23,12.4,0.0
2024-10-28,19.88,60.66,8.0,0.81
2024-10-29,23.99,60.74,16.48,4.1
2024-10-30,22.21,64.64,10.37,0.0
2024-10-31,21.48,65.76,18.9,0.0
2024-11-01,23.1,53.91,3.5,0.0
2024-11-02,24.38,62.06,12.54,0.0
2024-11-03,20.16,70.53,17.72,0.0
2024-11-04,22.09,62.43,8.44,0.0
2024-11-05,25.93,61.24,11.36,0.0
2024-11-06,20.68,66.45,10.39,0.0
2024-11-07,24.5,62.62,9.26,8.38
2024-11-08,21.72,58.72,12.98,0.0
2024-11-09,23.71,63.59,6.82,0.0
2024-11-10,24.74,69.21,11.56,9.44
2024-11-11,23.96,57.37,14.06,0.0
2024-11-12,24.23,61.28,11.14,0.0
2024-11-13,20.04,57.54,8.0,0.0
2024-11-14,24.51,69.02,16.12,0.0
2024-11-15,20.51,65.01,14.92,0.0
2024-11-16,22.67,59.28,7.84,0.0
2024-11-17,22.61,64.97,6.82,0.0
2024-11-18,23.01,56.97,8.19,0.0
2024-11-19,22.66,58.19,14.18,0.0
2024-11-20,20.24,56.96,13.1,0.0
2024-11-21,19.18,59.9,15.16,24.4
2024-11-22,23.57,72.03,10.7,20.55
2024-11-23,22.15,60.27,8.3,0.0
2024-11-24,24.03,66.43,15.68,0.0
2024-11-25,21.59,59.96,9.79,0.0
2024-11-26,18.83,71.05,12.75,6.35
2024-11-27,23.53,57.75,5.8,14.11
2024-11-28,20.82,65.64,9.72,5.93
2024-11-29,22.2,64.96,16.04,0.0
2024-11-30,20.19,79.71,9.13,0.0
2024-12-01,24.74,67.03,15.26,0.0
2024-12-02,19.66,62.48,2.68,0.0
2024-12-03,20.71,69.57,9.76,16.82
2024-12-04,21.57,77.82,11.31,0.0
2024-12-05,19.14,56.54,18.97,0.0
2024-12-06,21.96,59.72,7.32,0.0
2024-12-07,24.5,61.95,14.68,0.0
2024-12-08,20.27,63.2,16.23,0.0
2024-12-09,22.03,62.74,9.11,0.0
2024-12-10,15.72,60.38,10.51,0.0
2024-12-11,21.12,73.66,12.57,1.31
2024-12-12,20.56,57.01,6.07,0.0
2024-12-13,19.54,64.9,10.18,0.0
2024-12-14,23.33,70.3,17.1,1.76
2024-12-15,20.5,65.39,14.09,0.0
2024-12-16,20.79,59.54,11.37,0.0
2024-12-17,20.39,57.54,12.45,0.0
2024-12-18,17.31,65.95,14.32,0.0
2024-12-19,18.88,61.93,15.09,0.0
2024-12-20,23.06,65.4,9.77,0.0
2024-12-21,16.92,59.13,18.14,0.0
2024-12-22,19.62,70.94,17.27,0.0
2024-12-23,20.36,66.35,14.71,0.0
2024-12-24,24.65,64.43,8.63,0.0
2024-12-25,22.71,73.0,7.92,33.84
2024-12-26,20.07,63.18,10.69,0.0
2024-12-27,23.81,59.4,12.24,0.0
2024-12-28,19.74,62.71,4.93,0.0
2024-12-29,23.26,62.9,13.98,0.0
2024-12-30,18.54,66.11,17.15,0.0
2024-12-31,23.43,58.98,14.31,0.0
2025-01-01,20.55,53.41,9.3,10.17
2025-01-02,19.33,62.85,8.82,0.0
2025-01-03,20.98,67.47,13.2,0.0
2025-01-04,22.0,65.57,11.39,0.0
2025-01-05,20.48,72.78,13.77,0.0
2025-01-06,22.61,76.15,14.41,0.0
2025-01-07,20.37,70.2,16.37,0.0
2025-01-08,22.82,72.6,7.47,0.0
2025-01-09,22.5,69.08,12.89,0.0
2025-01-10,21.53,75.27,10.55,0.0
2025-01-11,20.81,76.51,11.61,3.03
2025-01-12,22.04,70.44,15.46,11.01
2025-01-13,22.88,68.5,15.89,0.0
2025-01-14,25.95,61.35,17.59,0.0
2025-01-15,23.75,63.54,13.7,0.0
2025-01-16,23.88,61.69,11.56,0.0
2025-01-17,28.15,65.09,10.99,0.0
2025-01-18,23.06,59.84,5.06,0.0
2025-01-19,23.05,63.02,17.36,0.0
2025-01-20,23.55,49.77,10.71,0.0
2025-01-21,20.18,76.09,14.02,0.0
2025-01-22,21.37,63.77,14.72,0.0
2025-01-23,21.31,67.86,7.02,3.03
2025-01-24,23.68,72.57,8.31,0.0
2025-01-25,22.1,66.5,18.19,11.92
2025-01-26,22.79,72.98,13.16,0.0
2025-01-27,24.76,55.78,9.68,0.0
2025-01-28,24.38,77.83,11.49,0.0
2025-01-29,22.4,71.05,16.34,0.0
2025-01-30,21.45,66.31,15.74,0.0
2025-01-31,25.14,71.57,6.14,0.0
2025-02-01,24.49,56.37,18.54,0.0
2025-02-02,19.81,64.22,15.86,0.0
2025-02-03,22.47,73.16,11.39,0.0
2025-02-04,23.51,52.72,7.23,0.0
2025-02-05,24.81,66.56,16.22,0.0
2025-02-06,25.16,66.21,13.91,0.0
2025-02-07,23.99,75.47,6.17,3.85
2025-02-08,24.68,53.78,11.07,0.0
2025-02-09,23.72,73.46,24.5,0.0
2025-02-10,22.33,61.21,12.07,11.96
2025-02-11,23.24,61.38,9.03,8.92
2025-02-12,23.89,56.38,7.97,3.08
2025-02-13,23.88,57.19,19.09,0.0
2025-02-14,20.27,68.12,15.39,3.3
2025-02-15,23.34,57.34,17.63,0.0
2025-02-16,24.34,67.91,12.99,0.0
2025-02-17,23.76,59.81,17.02,0.0
2025-02-18,23.92,56.41,8.61,0.0
2025-02-19,25.49,59.66,12.65,9.94
2025-02-20,22.45,66.52,13.15,0.0
2025-02-21,21.45,63.39,17.53,4.45
2025-02-22,24.11,63.79,13.28,0.0
2025-02-23,26.44,66.49,9.5,0.0
2025-02-24,28.39,67.73,12.26,0.0
2025-02-25,26.68,60.32,5.29,0.0
2025-02-26,22.28,58.33,2.72,0.0
2025-02-27,24.85,63.64,15.33,0.0
2025-02-28,25.94,65.41,10.5,0.0
2025-03-01,25.88,53.85,10.95,0.0
2025-03-02,26.71,56.81,15.32,4.62
2025-03-03,23.91,59.39,17.59,0.0
2025-03-04,25.98,61.32,14.14,0.0
2025-03-05,26.79,57.55,19.71,0.0
2025-03-06,27.71,65.85,14.01,0.0
2025-03-07,24.56,53.71,13.21,0.0
2025-03-08,25.59,53.3,12.96,0.0
2025-03-09,20.98,63.31,6.86,0.0
2025-03-10,25.25,61.91,15.82,0.0
2025-03-11,25.56,54.06,2.22,0.0
2025-03-12,24.68,59.64,9.65,24.47
2025-03-13,27.16,59.51,12.09,2.51
2025-03-14,26.83,59.74,8.84,0.0
2025-03-15,22.53,65.37,10.19,0.0
2025-03-16,27.59,57.7,19.36,0.0
2025-03-17,25.42,71.74,16.42,0.0
2025-03-18,28.36,64.18,9.26,0.0
2025-03-19,24.93,58.29,10.12,0.0
2025-03-20,27.67,62.2,6.89,0.0
2025-03-21,27.15,62.66,14.82,0.0
2025-03-22,28.44,68.5,11.0,0.0
2025-03-23,28.19,57.74,4.13,0.0
2025-03-24,27.54,66.3,12.4,0.0
2025-03-25,25.09,63.3,13.76,0.0
2025-03-26,25.32,71.87,15.85,0.0
2025-03-27,27.22,69.62,11.71,0.0
2025-03-28,28.48,62.37,10.51,0.0
2025-03-29,27.4,60.21,19.95,9.6
2025-03-30,29.97,63.4,12.03,0.0
2025-03-31,28.27,60.22,14.88,0.0
2025-04-01,27.01,72.07,9.84,0.0
2025-04-02,28.5,61.65,14.76,0.0
2025-04-03,29.61,58.13,6.18,0.0
2025-04-04,29.92,57.64,10.15,0.0
2025-04-05,33.14,51.35,7.17,0.0
2025-04-06,28.15,64.71,9.58,0.0
2025-04-07,29.45,55.73,17.0,0.0
2025-04-08,30.55,66.63,9.55,0.0
2025-04-09,29.76,52.72,14.87,0.0
2025-04-10,28.91,61.71,18.07,0.0
2025-04-11,26.92,68.95,11.89,0.0
2025-04-12,29.1,47.93,15.98,0.0
2025-04-13,28.08,73.52,14.12,0.0
2025-04-14,26.87,59.52,12.47,11.63
2025-04-15,28.84,61.84,15.0,0.0
2025-04-16,28.44,64.64,19.36,0.0
2025-04-17,31.8,63.72,9.45,0.0
2025-04-18,31.93,60.93,8.16,0.0
2025-04-19,29.02,66.87,7.93,8.66
2025-04-20,30.41,63.24,15.98,0.0
2025-04-21,27.31,72.4,16.52,0.0
2025-04-22,30.13,63.41,9.85,0.0
2025-04-23,32.01,71.03,3.46,2.4
2025-04-24,32.96,64.13,9.3,0.0
2025-04-25,29.98,49.53,14.19,0.0
2025-04-26,33.6,74.04,11.73,0.0
2025-04-27,28.55,57.7,12.72,0.0
2025-04-28,29.18,69.78,9.91,0.0
2025-04-29,33.18,58.76,16.06,0.0
2025-04-30,35.19,63.86,13.37,0.0
2025-05-01,32.92,54.61,14.35,0.0
2025-05-02,31.94,63.04,12.64,0.0
2025-05-03,27.71,60.09,14.1,0.0
2025-05-04,28.14,70.85,13.83,0.0
2025-05-05,32.52,61.59,8.29,8.92
2025-05-06,31.63,65.07,13.49,0.0
2025-05-07,30.21,47.25,15.17,0.0
2025-05-08,32.63,58.39,16.62,10.07
2025-05-09,32.8,61.27,13.66,0.0
2025-05-10,34.54,59.2,8.14,0.0
2025-05-11,32.99,64.47,8.75,0.0
2025-05-12,35.25,55.27,10.26,0.0
2025-05-13,32.87,59.06,12.76,0.0
2025-05-14,32.7,65.95,11.51,0.0
2025-05-15,35.12,43.86,7.51,0.0
2025-05-16,31.1,63.28,7.48,0.0
2025-05-17,38.75,53.53,3.61,0.0
2025-05-18,33.93,52.71,1.0,15.56
2025-05-19,34.0,60.17,11.47,0.0
2025-05-20,34.35,65.32,21.28,0.0
2025-05-21,37.11,62.67,19.19,0.0
2025-05-22,35.0,56.79,8.09,0.0
2025-05-23,30.25,65.46,12.6,0.0
2025-05-24,36.32,62.08,6.14,0.0
2025-05-25,32.88,58.24,6.75,9.17
2025-05-26,33.83,54.09,7.21,0.0
2025-05-27,31.1,55.93,11.1,0.0
2025-05-28,34.76,62.76,11.27,2.08
2025-05-29,32.44,58.75,13.01,7.74
2025-05-30,33.99,51.88,14.65,0.0
2025-05-31,33.26,48.45,10.65,0.0
2025-06-01,37.71,61.1,12.14,0.0
2025-06-02,37.86,52.74,7.62,0.0
2025-06-03,34.03,60.12,6.62,0.0
2025-06-04,34.09,65.54,6.0,0.0
2025-06-05,33.25,50.71,14.6,0.0
2025-06-06,36.24,56.65,10.65,0.0
2025-06-07,33.39,57.46,4.52,3.51
2025-06-08,33.23,60.85,11.75,0.0
2025-06-09,36.05,64.45,7.0,6.25
2025-06-10,33.04,50.7,18.64,0.0
2025-06-11,34.06,61.54,9.68,3.67
2025-06-12,30.99,65.99,14.73,0.0
2025-06-13,35.58,56.16,16.36,0.0
2025-06-14,38.06,55.09,8.18,0.0
2025-06-15,35.64,59.76,12.3,0.0
2025-06-16,37.13,58.5,14.21,0.0
2025-06-17,32.52,62.46,12.46,0.0
2025-06-18,34.69,61.14,13.44,2.54
2025-06-19,32.33,53.18,6.68,0.0
2025-06-20,33.76,64.22,14.22,0.0
2025-06-21,35.76,64.18,10.06,6.51
2025-06-22,34.42,59.04,13.4,0.0
2025-06-23,31.39,50.62,15.68,0.0
2025-06-24,31.58,58.79,14.68,0.0
2025-06-25,31.44,60.73,13.39,0.0
2025-06-26,35.17,50.64,14.57,0.0
2025-06-27,38.3,53.62,14.75,0.0
2025-06-28,36.89,48.11,17.98,0.0
2025-06-29,30.36,63.8,11.86,0.0
2025-06-30,36.97,57.51,12.66,0.0
2025-07-01,35.98,47.18,15.73,0.0
2025-07-02,31.0,61.91,10.04,0.0
2025-07-03,33.46,58.11,6.66,0.0
2025-07-04,36.23,60.02,13.97,11.32
2025-07-05,35.11,55.19,11.18,0.0
2025-07-06,31.37,54.79,7.17,4.8
2025-07-07,35.18,52.88,14.0,0.0
2025-07-08,29.65,57.32,17.72,0.0
2025-07-09,33.44,58.57,5.48,1.72
2025-07-10,36.13,57.87,16.09,0.0
2025-07-11,33.85,57.09,1.85,0.0
2025-07-12,32.77,56.28,10.4,0.0
2025-07-13,35.51,55.21,19.36,0.0
2025-07-14,35.64,72.3,10.69,0.0
2025-07-15,36.26,52.28,12.36,0.0
2025-07-16,35.34,54.06,15.05,25.98
2025-07-17,35.71,76.97,5.13,7.12
2025-07-18,34.96,60.15,12.29,5.03
2025-07-19,33.98,49.88,12.26,0.0
2025-07-20,33.57,63.44,19.45,0.0
2025-07-21,32.86,53.32,7.06,0.0
2025-07-22,30.85,65.34,10.47,0.0
2025-07-23,31.31,58.36,8.29,2.9
2025-07-24,32.59,56.28,7.86,0.0
2025-07-25,33.58,68.04,16.51,0.0
2025-07-26,35.91,60.5,12.11,2.37
2025-07-27,32.88,64.6,9.78,0.0
2025-07-28,34.91,60.26,9.93,3.74
2025-07-29,34.99,54.94,9.75,0.0
2025-07-30,32.3,62.75,10.1,0.0
2025-07-31,33.88,65.47,6.94,15.18
2025-08-01,32.13,59.99,10.97,0.0
2025-08-02,35.19,68.31,10.56,0.0
2025-08-03,33.74,63.4,8.97,26.73
2025-08-04,30.01,61.62,12.62,0.0
2025-08-05,32.64,60.41,12.96,0.0
2025-08-06,35.53,58.13,9.77,5.65
2025-08-07,31.79,51.86,11.42,0.0
2025-08-08,32.97,58.18,20.63,0.0
2025-08-09,33.08,59.98,20.48,15.03
2025-08-10,29.83,57.95,7.78,0.0
2025-08-11,32.84,60.82,8.34,0.0
2025-08-12,28.94,61.06,7.76,0.0
2025-08-13,30.39,64.78,16.23,1.89
2025-08-14,33.7,62.29,10.41,2.73
2025-08-15,32.17,60.16,12.96,0.0
2025-08-16,30.76,51.73,19.99,0.0
2025-08-17,32.17,69.9,11.96,0.0
2025-08-18,31.06,58.92,14.82,0.0
2025-08-19,31.11,59.25,14.08,0.0
2025-08-20,32.3,57.03,9.65,0.0
2025-08-21,29.44,57.73,16.24,0.0
2025-08-22,30.87,69.13,8.6,0.0
2025-08-23,30.07,68.63,17.36,0.0
2025-08-24,27.42,64.43,9.65,0.0
2025-08-25,28.65,60.45,10.09,0.0
2025-08-26,33.53,62.12,7.65,0.0
2025-08-27,31.06,60.21,8.3,0.0
2025-08-28,27.54,60.56,10.29,0.0
2025-08-29,27.0,64.03,2.27,0.0
2025-08-30,29.75,57.84,11.07,0.0
2025-08-31,33.0,60.22,9.97,0.0
2025-09-01,29.39,61.91,15.16,2.29
2025-09-02,32.27,62.72,13.69,12.33
2025-09-03,30.26,56.49,9.17,0.0
2025-09-04,30.39,64.4,10.17,0.0
2025-09-05,26.67,56.75,11.06,0.0
2025-09-06,31.1,56.31,17.94,0.0
2025-09-07,28.45,58.03,8.71,4.74
2025-09-08,30.74,53.51,9.12,0.0
2025-09-09,27.27,67.94,7.49,8.36
2025-09-10,29.15,55.01,6.07,0.0
2025-09-11,29.38,56.49,13.23,0.0
2025-09-12,28.26,68.84,12.81,0.0
2025-09-13,29.27,57.33,17.13,0.0
2025-09-14,27.82,60.42,16.17,3.96
2025-09-15,26.94,55.96,21.59,2.63
2025-09-16,31.34,64.61,11.7,0.0
2025-09-17,30.11,65.37,10.96,9.81
2025-09-18,26.38,66.77,6.8,0.0
2025-09-19,28.93,64.17,14.79,20.6
2025-09-20,26.19,62.89,12.47,0.0
2025-09-21,25.2,59.85,14.61,7.9
2025-09-22,29.52,55.72,7.44,0.0
2025-09-23,23.93,71.43,13.41,0.0
2025-09-24,29.08,65.44,12.82,0.0
2025-09-25,26.61,58.05,12.56,0.0
2025-09-26,26.59,62.47,9.27,6.7
2025-09-27,27.72,59.8,16.76,0.0
2025-09-28,27.95,54.71,20.2,6.4
2025-09-29,25.02,64.15,7.56,0.0
2025-09-30,28.0,58.96,14.88,8.19
2025-10-01,26.68,56.46,1.0,0.0
2025-10-02,23.83,54.87,14.67,0.0
2025-10-03,25.9,53.22,4.52,0.0
2025-10-04,28.89,58.73,9.9,0.0
2025-10-05,29.37,60.18,6.75,9.08
2025-10-06,27.35,56.56,11.14,0.0
2025-10-07,23.43,67.87,15.36,0.0
2025-10-08,26.68,61.78,4.57,0.0
2025-10-09,27.3,65.3,10.56,0.0
2025-10-10,26.94,60.94,9.95,0.0
2025-10-11,26.95,57.3,18.32,0.0
2025-10-12,26.01,63.23,13.73,0.0
2025-10-13,25.03,55.51,7.29,0.0
2025-10-14,23.86,66.97,10.11,0.0
2025-10-15,21.18,59.58,18.22,0.0
2025-10-16,25.55,68.31,14.86,0.0
2025-10-17,25.14,60.99,8.33,0.0
2025-10-18,25.79,69.04,10.93,26.73
2025-10-19,21.9,58.07,11.06,0.0
2025-10-20,25.77,58.61,9.85,0.0
2025-10-21,28.49,63.47,5.16,9.62
2025-10-22,24.44,70.43,9.29,0.0
2025-10-23,24.07,73.61,17.56,0.0
2025-10-24,24.71,63.51,10.48,19.73
2025-10-25,28.07,72.44,11.59,0.0
2025-10-26,21.87,63.09,12.56,0.0
2025-10-27,24.23,70.12,20.87,0.0
2025-10-28,22.13,59.02,12.04,16.51
2025-10-29,22.55,66.97,16.38,0.0
2025-10-30,23.46,49.9,9.61,8.07
2025-10-31,26.17,55.73,10.96,0.0
2025-11-01,26.99,64.8,12.05,0.0
2025-11-02,24.2,55.66,8.9,0.0
2025-11-03,22.47,67.05,11.19,23.7
2025-11-04,28.13,66.82,15.55,7.36
2025-11-05,22.21,61.63,8.8,0.0
2025-11-06,21.85,59.02,12.0,0.0
2025-11-07,19.36,63.35,14.83,0.0
2025-11-08,25.63,56.96,8.7,0.0
2025-11-09,24.7,62.66,16.38,0.0
2025-11-10,27.53,62.32,12.29,11.69
2025-11-11,19.85,64.1,11.34,0.0
2025-11-12,25.47,72.89,3.97,0.0
2025-11-13,22.63,60.09,10.51,0.0
2025-11-14,24.04,71.98,13.49,0.0
2025-11-15,19.06,60.12,18.98,0.0
2025-11-16,25.23,63.41,14.27,0.0
2025-11-17,23.81,70.85,16.5,7.25
2025-11-18,22.1,71.48,7.16,0.0
2025-11-19,23.41,61.45,11.49,0.0
2025-11-20,20.53,68.89,16.88,0.0
2025-11-21,20.85,67.91,8.45,0.0
2025-11-22,21.03,62.04,15.86,0.0
2025-11-23,18.2,70.54,14.93,0.0
2025-11-24,23.58,75.06,13.1,0.0
2025-11-25,24.19,66.37,10.69,0.0
2025-11-26,20.36,69.05,8.05,0.0
2025-11-27,22.42,68.55,19.1,0.0
2025-11-28,21.15,56.45,14.53,0.0
2025-11-29,22.29,67.35,13.36,10.77
2025-11-30,20.34,59.56,10.35,8.38
2025-12-01,19.8,62.42,12.15,0.0
2025-12-02,23.63,76.82,12.66,0.0
2025-12-03,21.37,63.58,13.6,0.0
2025-12-04,25.51,58.38,14.94,6.89
2025-12-05,21.53,71.93,8.87,3.35
2025-12-06,19.55,60.41,6.13,0.0
2025-12-07,23.83,61.06,12.34,0.0
2025-12-08,22.62,71.9,5.01,0.0
2025-12-09,22.79,64.57,10.71,7.04
2025-12-10,23.7,54.45,9.96,0.0
2025-12-11,19.99,69.12,13.97,0.0
2025-12-12,21.03,62.91,19.93,0.0
2025-12-13,20.92,74.58,4.22,0.0
2025-12-14,18.67,62.94,21.1,0.0
2025-12-15,20.72,71.76,11.07,0.0
2025-12-16,23.91,74.35,13.39,0.0
2025-12-17,21.7,59.81,6.34,0.0
2025-12-18,18.53,65.5,15.99,0.0
2025-12-19,18.11,69.22,12.17,0.0
2025-12-20,24.55,58.2,11.75,0.0
2025-12-21,21.04,66.9,4.25,0.0
2025-12-22,19.93,64.54,12.3,0.0
2025-12-23,20.68,64.01,15.38,8.79
2025-12-24,18.28,67.09,11.05,8.01
2025-12-25,24.09,64.03,16.7,7.74
2025-12-26,20.47,66.58,16.53,0.0
2025-12-27,24.0,60.06,9.44,1.01
2025-12-28,21.39,61.76,18.38,0.0
2025-12-29,24.16,62.85,12.18,0.0
2025-12-30,21.83,64.57,12.2,0.0
2025-12-31,23.04,61.54,12.4,0.0
